UTC,SQM,lum,chisquared,moonalt,LST,sunalt,Skytemp
2020-05-01T02:18:52Z,10.63,927.61043,0.14076,76.55,9.54866,-3.683,13.92
2020-05-01T02:24:53Z,12.08,243.9864,0.36338,76.0,9.64921,-4.871,12.92
2020-05-01T02:32:55Z,14.33,30.71607,0.363,75.1,9.78347,-6.445,10.41
2020-05-01T02:37:56Z,15.15,14.4333,0.3685,74.47,9.86731,-7.421,10.88
2020-05-01T02:43:57Z,16.13,5.85283,0.21229,73.65,9.96786,-8.585,11.96
2020-05-01T02:48:58Z,16.99,2.65073,0.0935,72.91,10.0517,-9.55,12.15
2020-05-01T02:57:00Z,17.39,1.83386,0.13403,71.66,10.18596,-11.082,11.79
2020-05-01T03:02:01Z,17.36,1.88524,0.11704,70.84,10.2698,-12.031,11.89
2020-05-01T03:09:03Z,17.47,1.70359,0.24628,69.65,10.38734,-13.351,11.45
2020-05-01T03:15:06Z,17.81,1.24556,0.4827,68.58,10.48845,-14.475,9.92
2020-05-01T03:20:07Z,17.9,1.14648,1.94252,67.68,10.57229,-15.399,9.49
2020-05-01T03:25:08Z,17.86,1.1895,1.89907,66.76,10.65613,-16.316,9.65
2020-05-01T03:31:09Z,17.63,1.47016,1.73739,65.64,10.75668,-17.405,10.42
2020-05-01T03:36:10Z,17.56,1.56807,1.78207,64.69,10.84052,-18.305,10.52
2020-05-01T03:42:11Z,17.76,1.30426,1.82078,63.54,10.94107,-19.372,10.71
2020-05-01T03:47:12Z,17.53,1.612,1.84492,62.57,11.02491,-20.252,11.93
2020-05-01T03:52:13Z,17.96,1.08484,1.74809,61.59,11.10875,-21.123,9.54
2020-05-01T04:01:15Z,19.37,0.29605,1.74066,59.81,11.25972,-22.666,5.52
2020-05-01T04:12:18Z,17.96,1.08484,0.27064,57.61,11.44439,-24.508,8.64
2020-05-01T04:17:19Z,18.83,0.48682,0.14213,56.6,11.52823,-25.326,5.97
2020-05-01T04:25:20Z,18.99,0.42011,0.24769,54.97,11.66221,-26.609,4.44
2020-05-01T04:37:22Z,19.67,0.22458,0.15002,52.53,11.86331,-28.474,3.72
2020-05-01T04:48:24Z,19.48,0.26753,0.20873,50.27,12.04771,-30.114,3.6
2020-05-01T04:54:25Z,19.33,0.30716,0.44687,49.03,12.14826,-30.978,4.41
2020-05-01T05:10:27Z,19.23,0.33679,0.10386,45.73,12.41621,-33.168,4.44
2020-05-01T05:16:29Z,18.86,0.47355,0.1439,44.48,12.51704,-33.947,4.38
2020-05-01T05:21:30Z,18.4,0.72338,0.23142,43.44,12.60088,-34.574,5.5
2020-05-01T05:26:31Z,18.19,0.87774,0.21596,42.41,12.68472,-35.183,6.63
2020-05-01T05:33:32Z,18.14,0.91911,0.29682,40.95,12.80199,-36.0,8.26
2020-05-01T05:38:33Z,17.69,1.39112,0.28188,39.92,12.88583,-36.56,9.26
2020-05-01T05:43:34Z,17.76,1.30426,0.32424,38.88,12.96967,-37.099,8.63
2020-05-01T05:49:35Z,18.07,0.98031,0.32774,37.63,13.07022,-37.716,8.75
2020-05-01T05:55:37Z,18.13,0.92761,0.36753,36.39,13.17105,-38.303,7.89
2020-05-01T06:00:38Z,18.07,0.98031,0.30435,35.35,13.25489,-38.764,8.89
2020-05-01T06:08:40Z,17.92,1.12555,0.11261,33.69,13.38915,-39.452,9.1
2020-05-01T06:13:41Z,18.14,0.91911,0.15338,32.65,13.47299,-39.85,8.24
2020-05-01T06:18:43Z,18.67,0.56411,0.07892,31.62,13.55711,-40.223,7.43
2020-05-01T06:23:44Z,18.9,0.45642,0.07051,30.58,13.64095,-40.568,6.81
2020-05-01T06:28:45Z,18.63,0.58528,0.06097,29.55,13.72479,-40.886,6.61
2020-05-01T06:33:46Z,18.74,0.52889,2.07533,28.52,13.80863,-41.177,6.7
2020-05-01T06:38:48Z,18.69,0.55382,2.10489,27.48,13.89274,-41.44,7.23
2020-05-01T06:43:49Z,18.54,0.63587,1.97452,26.46,13.97658,-41.674,7.24
2020-05-01T06:48:50Z,18.39,0.73007,1.85228,25.43,14.06042,-41.88,7.71
2020-05-01T06:53:50Z,18.37,0.74364,1.54254,24.41,14.14399,-42.055,7.42
2020-05-01T07:00:52Z,18.43,0.70366,0.81008,22.97,14.26153,-42.253,7.82
2020-05-01T07:07:54Z,18.05,0.99854,0.29454,21.54,14.37907,-42.391,8.67
2020-05-01T07:12:55Z,17.85,1.20051,1.22541,20.52,14.46291,-42.454,8.4
2020-05-01T07:17:57Z,17.86,1.1895,3.87103,19.5,14.54703,-42.486,8.56
2020-05-01T07:22:59Z,17.64,1.45668,5.43407,18.48,14.63115,-42.488,9.0
2020-05-01T07:34:00Z,17.86,1.1895,7.62792,16.26,14.81526,-42.385,7.63
2020-05-01T07:39:01Z,17.64,1.45668,0.13661,15.25,14.8991,-42.29,9.08
2020-05-01T07:45:02Z,17.47,1.70359,0.13328,14.05,14.99966,-42.137,9.98
2020-05-01T07:50:03Z,17.53,1.612,0.13042,13.04,15.0835,-41.976,9.93
2020-05-01T07:57:05Z,17.51,1.64197,0.11655,11.64,15.20104,-41.702,9.51
2020-05-01T08:03:07Z,18.37,0.74364,0.07779,10.45,15.30187,-41.421,7.71
2020-05-01T08:08:08Z,19.29,0.31869,0.37185,9.45,15.38571,-41.156,4.4
2020-05-01T08:35:12Z,19.2,0.34623,0.70701,4.16,15.83806,-39.258,4.93
2020-05-01T08:43:14Z,20.1,0.15114,1.52751,2.61,15.97231,-38.551,1.65
2020-05-01T09:01:22Z,19.61,0.23734,1.52964,-0.85,16.27536,-36.735,2.49
2020-05-01T09:11:25Z,18.61,0.59616,1.4674,-2.75,16.44332,-35.606,6.91
2020-05-01T09:17:28Z,18.6,0.60168,1.28965,-3.88,16.54443,-34.887,6.98
2020-05-01T09:23:29Z,19.17,0.35593,1.07305,-4.99,16.64498,-34.144,4.8
2020-05-01T09:28:30Z,19.76,0.20671,1.69999,-5.92,16.72882,-33.503,3.0
2020-05-01T09:33:31Z,19.9,0.1817,2.27635,-6.84,16.81266,-32.845,2.5
2020-05-01T09:38:32Z,20.14,0.14567,2.22729,-7.75,16.8965,-32.17,0.71
2020-05-01T09:43:32Z,20.14,0.14567,1.77247,-8.66,16.98006,-31.481,0.4
2020-05-01T09:49:33Z,19.77,0.20482,0.84734,-9.74,17.08061,-30.629,1.46
2020-05-01T10:01:35Z,20.12,0.14838,1.51735,-11.88,17.28172,-28.862,0.71
2020-05-01T10:06:37Z,20.19,0.13911,0.36726,-12.76,17.36584,-28.098,0.1
2020-05-01T10:11:38Z,20.18,0.1404,0.34656,-13.63,17.44968,-27.323,-0.14
2020-05-01T10:16:39Z,20.25,0.13163,0.29087,-14.5,17.53352,-26.536,-0.58
2020-05-01T10:21:41Z,20.14,0.14567,0.14272,-15.36,17.61764,-25.733,-0.29
2020-05-01T10:28:42Z,20.19,0.13911,0.13105,-16.54,17.7349,-24.593,-0.47
2020-05-01T10:33:43Z,20.25,0.13163,0.12204,-17.38,17.81874,-23.764,-0.73
2020-05-01T10:40:45Z,20.26,0.13043,0.10463,-18.54,17.93628,-22.585,-1.1
2020-05-01T10:45:46Z,20.24,0.13285,0.03096,-19.36,18.02012,-21.73,-1.02
2020-05-01T10:58:48Z,20.26,0.13043,0.01071,-21.44,18.23794,-19.466,-1.84
2020-05-01T11:03:49Z,20.28,0.12805,0.00915,-22.22,18.32178,-18.578,-1.99
2020-05-01T11:20:52Z,20.26,0.13043,0.00908,-24.8,18.60673,-15.497,-2.17
2020-05-01T11:25:53Z,20.23,0.13408,0.00952,-25.53,18.69057,-14.573,-2.48
2020-05-01T11:32:54Z,20.04,0.15972,0.00229,-26.54,18.80783,-13.269,-2.63
2020-05-01T11:37:56Z,19.86,0.18852,0.01373,-27.24,18.89195,-12.325,-2.93
2020-05-01T11:43:57Z,19.4,0.28798,0.03088,-28.07,18.9925,-11.189,-3.13
2020-05-01T11:52:59Z,18.16,0.90233,0.08963,-29.27,19.14347,-9.466,-3.26
2020-05-01T12:00:02Z,16.76,3.27616,0.35297,-30.18,19.26129,-8.108,-3.55
2020-05-01T12:05:02Z,15.48,10.65039,0.31773,-30.81,19.34485,-7.138,-3.77
2020-05-01T12:10:04Z,14.08,38.66924,0.39756,-31.42,19.42897,-6.157,-3.66
2020-05-01T12:15:12Z,12.73,134.0805,0.05699,-32.03,19.51476,-5.15,-3.88
2020-05-01T12:23:16Z,10.65,910.67963,0.0452,-32.95,19.64957,-3.559,-3.87
2020-05-02T02:21:37Z,11.1,601.68006,0.35149,72.47,9.66033,-4.077,7.75
2020-05-02T02:26:38Z,12.37,186.79516,0.45714,72.83,9.74417,-5.063,7.82
2020-05-02T02:31:39Z,13.54,63.5866,0.2487,73.12,9.82801,-6.044,7.6
2020-05-02T02:37:41Z,14.58,24.39864,0.07474,73.38,9.92884,-7.217,7.38
2020-05-02T02:42:42Z,15.06,15.68071,0.09516,73.52,10.01268,-8.187,7.32
2020-05-02T02:59:45Z,16.24,5.2889,0.102,73.42,10.29762,-11.439,6.88
2020-05-02T03:05:46Z,16.41,4.52237,0.09306,73.19,10.39818,-12.57,6.81
2020-05-02T03:11:47Z,16.64,3.65903,0.09922,72.85,10.49873,-13.691,6.76
2020-05-02T03:16:49Z,16.84,3.04345,0.09725,72.49,10.58285,-14.62,6.77
2020-05-02T03:23:51Z,17.25,2.08625,0.05994,71.88,10.70039,-15.907,6.62
2020-05-02T03:30:53Z,17.61,1.4975,0.05444,71.17,10.81793,-17.179,6.5
2020-05-02T03:40:54Z,17.63,1.47016,0.02546,69.98,10.98534,-18.962,6.34
2020-05-02T03:45:55Z,17.55,1.58258,0.01489,69.32,11.06918,-19.842,6.37
2020-05-02T03:51:57Z,17.82,1.23414,0.00578,68.48,11.17001,-20.888,6.38
2020-05-02T03:56:58Z,17.92,1.12555,0.00418,67.74,11.25385,-21.747,6.2
2020-05-02T04:02:00Z,17.96,1.08484,0.00295,66.97,11.33797,-22.598,6.26
2020-05-02T04:07:01Z,17.99,1.05527,0.00083,66.17,11.42181,-23.437,6.23
2020-05-02T04:12:02Z,18.0,1.0456,0.53763,65.35,11.50565,-24.264,6.22
2020-05-02T04:17:02Z,17.96,1.08484,0.47922,64.52,11.58921,-25.077,6.1
2020-05-02T04:22:04Z,17.94,1.10501,0.64637,63.65,11.67333,-25.884,6.0
2020-05-02T04:29:06Z,17.93,1.11523,0.88855,62.41,11.79087,-26.991,5.76
2020-05-02T04:34:07Z,17.94,1.10501,0.90684,61.51,11.87471,-27.765,5.53
2020-05-02T04:39:08Z,17.95,1.09488,0.64079,60.6,11.95855,-28.525,5.19
2020-05-02T04:44:09Z,17.97,1.07489,0.5104,59.67,12.04239,-29.271,5.03
2020-05-02T04:49:10Z,18.0,1.0456,0.5929,58.73,12.12623,-30.003,4.83
2020-05-02T04:55:12Z,19.37,0.29605,0.00013,57.58,12.22706,-30.863,4.63
2020-05-02T05:00:14Z,19.39,0.29065,0.00016,56.62,12.31118,-31.563,4.57
2020-05-02T05:05:15Z,19.41,0.28534,0.00017,55.65,12.39502,-32.244,4.54
2020-05-02T05:10:16Z,19.43,0.28013,0.00016,54.67,12.47886,-32.909,4.41
2020-05-02T05:19:18Z,19.45,0.27502,0.00017,52.9,12.62983,-34.06,4.45
2020-05-02T05:25:20Z,19.48,0.26753,0.00018,51.7,12.73066,-34.796,4.31
2020-05-02T05:30:21Z,19.48,0.26753,0.00011,50.7,12.8145,-35.386,4.24
2020-05-02T05:35:22Z,19.5,0.26264,0.00012,49.69,12.89834,-35.956,4.24
2020-05-02T05:41:23Z,19.51,0.26023,0.01488,48.48,12.99889,-36.612,4.16
2020-05-02T05:47:25Z,19.53,0.25549,0.02594,47.26,13.09972,-37.239,4.09
2020-05-02T05:53:26Z,19.55,0.25082,0.0292,46.04,13.20027,-37.832,4.0
2020-05-02T05:59:28Z,19.57,0.24624,0.02862,44.81,13.3011,-38.393,3.79
2020-05-02T06:04:29Z,19.58,0.24399,0.02813,43.78,13.38494,-38.833,3.91
2020-05-02T06:10:31Z,19.59,0.24175,0.02821,42.55,13.48577,-39.329,3.73
2020-05-02T06:21:32Z,19.63,0.23301,0.03208,40.28,13.66989,-40.141,3.62
2020-05-02T06:28:33Z,19.64,0.23087,0.03214,38.83,13.78715,-40.592,3.27
2020-05-02T06:33:34Z,19.46,0.2725,0.03209,37.8,13.87099,-40.882,3.26
2020-05-02T06:38:35Z,19.66,0.22666,0.0321,36.76,13.95483,-41.143,3.1
2020-05-02T06:43:36Z,19.67,0.22458,0.03209,35.73,14.03867,-41.377,3.1
2020-05-02T06:49:37Z,19.68,0.22252,0.03217,34.48,14.13922,-41.619,3.08
2020-05-02T06:54:38Z,19.69,0.22048,0.03207,33.44,14.22306,-41.789,3.04
2020-05-02T06:59:41Z,19.7,0.21846,0.02813,32.4,14.30746,-41.93,2.94
2020-05-02T07:33:59Z,19.77,0.20482,0.02821,25.3,14.88069,-42.087,2.23
2020-05-02T07:41:01Z,19.79,0.20108,0.03043,23.84,14.99824,-41.945,1.96
2020-05-02T07:46:01Z,19.8,0.19923,0.02596,22.81,15.0818,-41.809,2.01
2020-05-02T07:51:02Z,19.81,0.19741,0.01631,21.78,15.16564,-41.643,1.82
2020-05-02T07:56:03Z,19.82,0.1956,1e-05,20.74,15.24948,-41.447,1.69
2020-05-02T08:01:05Z,19.84,0.19203,2e-05,19.71,15.3336,-41.222,1.29
2020-05-02T08:06:06Z,19.85,0.19027,4e-05,18.68,15.41744,-40.97,1.12
2020-05-02T08:11:07Z,19.87,0.1868,4e-05,17.65,15.50128,-40.689,1.23
2020-05-02T08:28:10Z,19.91,0.18004,6e-05,14.16,15.78622,-39.534,1.03
2020-05-02T08:33:11Z,19.93,0.17675,7e-05,13.13,15.87006,-39.136,1.02
2020-05-02T08:40:13Z,19.95,0.17353,8e-05,11.7,15.9876,-38.537,0.93
2020-05-02T08:45:14Z,19.97,0.17036,7e-05,10.69,16.07144,-38.081,0.93
2020-05-02T08:50:16Z,19.99,0.16725,8e-05,9.67,16.15556,-37.599,0.67
2020-05-02T08:56:17Z,20.01,0.1642,0.0001,8.45,16.25612,-36.993,0.5
2020-05-02T09:01:19Z,20.03,0.1612,5e-05,7.44,16.34023,-36.462,0.4
2020-05-02T09:06:20Z,20.06,0.15681,5e-05,6.43,16.42407,-35.911,0.44
2020-05-02T09:21:22Z,20.14,0.14567,5e-05,3.43,16.67532,-34.139,0.08
2020-05-02T10:03:28Z,20.29,0.12687,6e-05,-4.83,17.3789,-28.329,-0.06
2020-05-02T10:11:30Z,20.29,0.12687,0.00057,-6.37,17.51316,-27.099,-0.15
2020-05-02T10:16:31Z,20.28,0.12805,0.00076,-7.33,17.597,-26.314,-0.01
2020-05-02T10:21:32Z,20.28,0.12805,0.00118,-8.28,17.68084,-25.517,0.04
2020-05-02T10:27:32Z,20.27,0.12923,0.00106,-9.42,17.78111,-24.547,0.04
2020-05-02T10:41:36Z,20.26,0.13043,0.00058,-12.05,18.0162,-22.21,0.36
2020-05-02T10:46:37Z,20.25,0.13163,0.00039,-12.98,18.10004,-21.356,0.21
2020-05-02T10:51:38Z,20.25,0.13163,0.00041,-13.9,18.18388,-20.493,0.39
2020-05-02T10:59:40Z,20.24,0.13285,0.00061,-15.36,18.31813,-19.091,0.43
2020-05-02T11:04:41Z,20.24,0.13285,5e-05,-16.27,18.40197,-18.203,0.17
2020-05-02T11:09:42Z,20.23,0.13408,4e-05,-17.17,18.48581,-17.307,0.47
2020-05-02T11:14:44Z,20.21,0.13657,5e-05,-18.06,18.56993,-16.399,0.4
2020-05-02T11:20:45Z,20.18,0.1404,0.00018,-19.12,18.67049,-15.304,0.43
2020-05-02T11:25:46Z,20.12,0.14838,0.00039,-20.0,18.75433,-14.383,0.44
2020-05-02T11:30:47Z,19.98,0.1688,0.00084,-20.86,18.83817,-13.454,0.33
2020-05-02T11:51:50Z,17.67,1.41699,0.00476,-24.41,19.18996,-9.484,-0.23
2020-05-02T11:56:51Z,16.7,3.46231,0.23294,-25.24,19.2738,-8.522,-0.2
2020-05-02T12:03:53Z,15.06,15.68071,0.14389,-26.37,19.39134,-7.164,-0.28
2020-05-02T12:08:54Z,13.75,52.40414,0.14729,-27.17,19.47518,-6.188,-0.38
2020-05-02T12:13:56Z,12.42,178.38799,0.08898,-27.96,19.5593,-5.205,-0.52
2020-05-02T12:21:58Z,10.36,1189.50322,0.03022,-29.19,19.69356,-3.624,-0.61
2020-05-03T02:18:38Z,10.25,1316.33255,0.23999,61.43,9.67618,-3.341,9.15
2020-05-03T02:25:40Z,11.98,267.52577,0.82518,62.45,9.79372,-4.724,9.08
2020-05-03T02:30:47Z,13.32,77.86918,0.92539,63.15,9.87923,-5.723,8.83
2020-05-03T02:36:50Z,14.89,18.33858,0.69528,63.95,9.98034,-6.898,8.4
2020-05-03T02:41:51Z,15.99,6.65833,0.29772,64.57,10.06418,-7.867,8.2
2020-05-03T02:47:52Z,16.8,3.15766,0.06251,65.27,10.16474,-9.021,8.02
2020-05-03T02:53:53Z,17.21,2.16454,0.00911,65.91,10.26529,-10.167,7.95
2020-05-03T03:06:58Z,17.4,1.81704,0.00158,67.09,10.48394,-12.628,7.83
2020-05-03T03:11:58Z,17.44,1.75132,0.00166,67.45,10.5675,-13.556,7.74
2020-05-03T03:26:01Z,17.41,1.80039,0.00309,68.2,10.80231,-16.126,7.62
2020-05-03T03:31:09Z,17.4,1.81704,0.00298,68.36,10.8881,-17.049,7.54
2020-05-03T03:40:10Z,17.42,1.78388,0.00207,68.5,11.03879,-18.651,7.39
2020-05-03T03:47:12Z,17.42,1.78388,0.00934,68.47,11.15633,-19.88,7.22
2020-05-03T03:52:13Z,17.4,1.81704,0.00541,68.38,11.24017,-20.746,7.17
2020-05-03T03:57:14Z,17.38,1.85083,0.00209,68.23,11.32401,-21.601,7.03
2020-05-03T04:02:16Z,17.37,1.86795,0.00454,68.02,11.40813,-22.45,6.93
2020-05-03T04:08:18Z,17.4,1.81704,0.0165,67.7,11.50896,-23.453,6.79
2020-05-03T04:13:19Z,17.44,1.75132,0.0322,67.37,11.5928,-24.274,6.65
2020-05-03T04:18:20Z,17.44,1.75132,0.03684,66.99,11.67664,-25.084,6.72
2020-05-03T04:26:21Z,17.45,1.73526,0.02164,66.29,11.81062,-26.354,6.61
2020-05-03T04:48:24Z,17.27,2.04817,0.02238,63.79,12.17912,-29.672,6.13
2020-05-03T04:55:24Z,17.2,2.18457,0.01757,62.86,12.29611,-30.667,6.06
2020-05-03T05:00:26Z,17.14,2.30869,0.01234,62.15,12.38023,-31.363,6.01
2020-05-03T05:05:28Z,17.13,2.33005,0.36212,61.41,12.46435,-32.043,5.88
2020-05-03T05:10:28Z,17.19,2.20478,0.32226,60.66,12.54791,-32.701,5.76
2020-05-03T05:15:29Z,17.32,1.95599,0.41094,59.87,12.63175,-33.344,5.6
2020-05-03T05:20:30Z,17.44,1.75132,0.59632,59.07,12.71559,-33.969,5.5
2020-05-03T05:30:32Z,17.56,1.56807,0.60306,57.41,12.88327,-35.161,5.35
2020-05-03T05:35:33Z,17.62,1.48377,0.49291,56.55,12.96711,-35.727,5.17
2020-05-03T05:45:35Z,17.91,1.13597,0.3788,54.79,13.13479,-36.796,5.01
2020-05-03T05:51:36Z,18.13,0.92761,0.41283,53.71,13.23534,-37.396,4.91
2020-05-03T05:56:37Z,19.19,0.34943,0.00018,52.79,13.31918,-37.87,4.78
2020-05-03T06:01:39Z,19.22,0.33991,0.00018,51.86,13.4033,-38.323,4.73
2020-05-03T06:06:41Z,19.24,0.33371,0.00013,50.92,13.48742,-38.751,4.54
2020-05-03T06:11:42Z,19.27,0.32461,4e-05,49.98,13.57126,-39.153,4.75
2020-05-03T06:16:43Z,19.28,0.32164,5e-05,49.03,13.6551,-39.529,4.15
2020-05-03T06:26:44Z,19.31,0.31287,6e-05,47.1,13.8225,-40.203,3.95
2020-05-03T06:34:46Z,19.33,0.30716,0.00012,45.53,13.95676,-40.666,3.84
2020-05-03T06:39:48Z,19.35,0.30155,0.00015,44.54,14.04087,-40.92,3.61
2020-05-03T06:47:49Z,19.37,0.29605,0.92784,42.96,14.17485,-41.265,3.41
2020-05-03T06:59:52Z,19.41,0.28534,0.00114,40.55,14.37623,-41.645,3.3
2020-05-03T07:04:53Z,19.42,0.28273,0.00095,39.54,14.46007,-41.753,3.12
2020-05-03T07:09:55Z,19.44,0.27757,0.00107,38.53,14.54419,-41.832,3.08
2020-05-03T07:14:55Z,19.46,0.2725,0.00093,37.51,14.62775,-41.88,2.93
2020-05-03T07:19:57Z,19.47,0.27,0.00094,36.49,14.71187,-41.899,2.85
2020-05-03T07:26:58Z,19.48,0.26753,0.0009,35.06,14.82914,-41.875,2.89
2020-05-03T07:40:59Z,19.53,0.25549,0.00094,32.19,15.06339,-41.651,2.77
2020-05-03T07:46:01Z,19.55,0.25082,0.00015,31.16,15.14751,-41.514,2.5
2020-05-03T07:51:02Z,19.55,0.25082,0.00017,30.13,15.23135,-41.349,2.65
2020-05-03T07:58:05Z,19.56,0.24852,0.00023,28.68,15.34917,-41.067,2.51
2020-05-03T08:03:07Z,19.57,0.24624,0.00029,27.64,15.43329,-40.831,2.53
2020-05-03T08:08:08Z,19.59,0.24175,0.00029,26.6,15.51713,-40.568,2.35
2020-05-03T08:17:10Z,19.62,0.23516,0.00035,24.73,15.66809,-40.025,2.23
2020-05-03T08:26:12Z,19.65,0.22875,0.00045,22.86,15.81906,-39.396,2.2
2020-05-03T08:31:13Z,19.67,0.22458,0.00053,21.83,15.9029,-39.01,2.21
2020-05-03T08:36:13Z,19.68,0.22252,0.00015,20.79,15.98646,-38.6,2.15
2020-05-03T08:41:15Z,19.7,0.21846,0.0002,19.75,16.07058,-38.163,2.1
2020-05-03T08:47:16Z,19.72,0.21447,0.00012,18.5,16.17113,-37.61,2.21
2020-05-03T08:52:18Z,19.73,0.2125,4e-05,17.46,16.25525,-37.121,1.87
2020-05-03T08:57:19Z,19.75,0.20862,3e-05,16.42,16.33909,-36.611,1.81
2020-05-03T09:02:21Z,19.76,0.20671,4e-05,15.38,16.42321,-36.077,2.07
2020-05-03T09:13:23Z,19.8,0.19923,4e-05,13.1,16.6076,-34.834,2.02
2020-05-03T09:36:26Z,19.92,0.17839,6e-05,8.36,16.99282,-31.936,1.42
2020-05-03T09:41:28Z,19.95,0.17353,0.00017,7.32,17.07694,-31.253,1.28
2020-05-03T09:46:28Z,19.98,0.1688,0.00016,6.3,17.1605,-30.559,1.18
2020-05-03T09:51:28Z,20.02,0.16269,7e-05,5.27,17.24406,-29.849,0.98
2020-05-03T09:56:29Z,20.07,0.15537,4e-05,4.25,17.3279,-29.122,0.62
2020-05-03T10:01:32Z,20.11,0.14975,0.00013,3.22,17.4123,-28.375,0.73
2020-05-03T10:13:34Z,20.22,0.13532,9e-05,0.77,17.61341,-26.538,0.53
2020-05-03T10:22:35Z,20.29,0.12687,0.0001,-1.05,17.7641,-25.113,0.29
2020-05-03T10:27:37Z,20.31,0.12456,0.00033,-2.07,17.84821,-24.301,0.18
2020-05-03T10:32:38Z,20.32,0.12341,0.00067,-3.07,17.93205,-23.479,0.23
2020-05-03T10:39:39Z,20.33,0.12228,0.00102,-4.48,18.04932,-22.312,0.16
2020-05-03T10:45:40Z,20.32,0.12341,0.00083,-5.68,18.14987,-21.294,-0.04
2020-05-03T10:51:42Z,20.32,0.12341,0.00054,-6.88,18.2507,-20.26,-0.15
2020-05-03T10:56:43Z,20.32,0.12341,0.00034,-7.88,18.33454,-19.389,0.29
2020-05-03T11:01:44Z,20.31,0.12456,0.00045,-8.87,18.41838,-18.509,-0.02
2020-05-03T11:13:45Z,20.28,0.12805,0.00054,-11.23,18.61921,-16.365,0.18
2020-05-03T11:38:48Z,19.47,0.27,0.00014,-16.07,19.03785,-11.753,0.16
2020-05-03T11:44:49Z,18.72,0.53872,0.02991,-17.21,19.1384,-10.62,0.03
2020-05-03T11:52:50Z,17.35,1.90268,0.14083,-18.72,19.27238,-9.095,-0.36
2020-05-03T12:00:53Z,15.62,9.36194,0.53908,-20.23,19.40691,-7.55,-0.16
2020-05-03T12:05:54Z,14.32,31.00028,0.83074,-21.16,19.49075,-6.579,-0.33
2020-05-03T12:10:55Z,12.99,105.52749,0.66892,-22.08,19.57459,-5.604,-0.32
2020-05-03T12:15:56Z,11.68,352.66765,0.41772,-23.0,19.65843,-4.623,-0.34
2020-05-03T12:20:57Z,10.43,1115.23303,0.21834,-23.91,19.74227,-3.637,-0.2
2020-05-04T02:18:47Z,10.05,1582.57981,0.38921,48.73,9.74439,-3.223,5.82
2020-05-04T02:27:51Z,12.3,199.23499,0.57535,50.24,9.89592,-5.0,5.47
2020-05-04T02:32:53Z,13.63,58.52826,0.74186,51.07,9.98004,-5.98,5.25
2020-05-04T02:38:55Z,15.15,14.4333,0.57575,52.03,10.08087,-7.147,4.99
2020-05-04T02:58:58Z,17.67,1.41699,0.00665,55.04,10.41595,-10.966,4.65
2020-05-04T03:04:00Z,17.77,1.29231,0.00748,55.74,10.50007,-11.909,4.53
2020-05-04T03:09:01Z,17.81,1.24556,0.00919,56.41,10.58391,-12.843,4.41
2020-05-04T03:14:03Z,17.85,1.20051,0.0066,57.07,10.66803,-13.772,4.26
2020-05-04T03:30:07Z,17.84,1.21162,0.00335,58.95,10.93654,-16.688,4.04
2020-05-04T03:38:08Z,17.74,1.32851,0.0032,59.77,11.07051,-18.112,3.92
2020-05-04T03:48:10Z,17.65,1.44333,0.00187,60.67,11.23819,-19.863,3.99
2020-05-04T03:53:11Z,17.61,1.4975,0.00133,61.06,11.32203,-20.724,3.81
2020-05-04T03:58:13Z,17.57,1.55369,0.00283,61.41,11.40615,-21.578,3.69
2020-05-04T04:03:15Z,17.56,1.56807,0.00554,61.72,11.49027,-22.422,3.63
2020-05-04T04:08:16Z,17.55,1.58258,0.00463,61.99,11.57411,-23.252,3.5
2020-05-04T04:13:17Z,17.51,1.64197,0.00235,62.21,11.65795,-24.071,3.32
2020-05-04T04:18:18Z,17.43,1.76753,0.00676,62.38,11.74179,-24.878,3.21
2020-05-04T04:23:19Z,17.39,1.83386,0.02403,62.5,11.82563,-25.674,2.96
2020-05-04T04:29:21Z,17.32,1.95599,0.01571,62.59,11.92646,-26.614,3.07
2020-05-04T04:34:21Z,17.26,2.06712,0.01074,62.61,12.01002,-27.379,3.0
2020-05-04T04:39:23Z,17.24,2.10555,0.02409,62.59,12.09414,-28.135,2.89
2020-05-04T04:44:24Z,17.27,2.04817,0.02323,62.51,12.17798,-28.875,2.69
2020-05-04T04:49:25Z,17.32,1.95599,0.01278,62.39,12.26182,-29.6,2.54
2020-05-04T04:54:27Z,17.35,1.90268,0.0017,62.21,12.34594,-30.312,2.33
2020-05-04T04:59:28Z,17.31,1.97408,0.00149,62.0,12.42978,-31.006,2.23
2020-05-04T05:08:30Z,17.18,2.22518,0.00366,61.49,12.58075,-32.214,2.07
2020-05-04T05:15:32Z,17.11,2.37337,0.00548,61.0,12.69829,-33.116,1.98
2020-05-04T05:24:34Z,17.06,2.48522,0.00996,60.26,12.84926,-34.221,1.83
2020-05-04T05:36:37Z,17.05,2.50822,0.04305,59.08,13.05064,-35.598,1.57
2020-05-04T05:41:38Z,17.1,2.39533,0.05014,58.53,13.13448,-36.136,1.47
2020-05-04T05:56:40Z,17.26,2.06712,0.14752,56.69,13.38572,-37.616,1.45
2020-05-04T06:01:44Z,17.32,1.95599,0.20361,56.02,13.4704,-38.068,1.32
2020-05-04T06:06:44Z,17.38,1.85083,0.21448,55.33,13.55396,-38.491,1.19
2020-05-04T06:11:45Z,17.43,1.76753,0.19463,54.61,13.6378,-38.89,1.2
2020-05-04T06:28:48Z,17.94,1.10501,0.13132,52.02,13.92275,-40.054,0.93
2020-05-04T06:44:49Z,18.31,0.7859,0.11946,49.4,14.19042,-40.863,0.91
2020-05-04T06:58:52Z,19.19,0.34943,8e-05,46.98,14.42523,-41.335,0.72
2020-05-04T07:03:53Z,19.21,0.34306,9e-05,46.1,14.50907,-41.448,0.45
2020-05-04T07:11:55Z,19.23,0.33679,0.00013,44.65,14.64333,-41.567,0.42
2020-05-04T07:16:56Z,19.24,0.33371,1.65283,43.74,14.72717,-41.603,0.44
2020-05-04T07:21:57Z,19.26,0.32762,1.86047,42.81,14.81101,-41.609,0.25
2020-05-04T07:27:58Z,19.28,0.32164,1.96031,41.69,14.91156,-41.577,0.19
2020-05-04T07:39:00Z,19.31,0.31287,1.79724,39.61,15.09595,-41.407,-0.14
2020-05-04T07:44:01Z,19.32,0.31,0.13132,38.65,15.17979,-41.282,-0.31
2020-05-04T07:50:03Z,19.33,0.30716,0.11946,37.48,15.28062,-41.094,-0.14
2020-05-04T07:55:04Z,19.35,0.30155,8e-05,36.51,15.36446,-40.905,-0.3
2020-05-04T08:00:06Z,19.37,0.29605,9e-05,35.53,15.44858,-40.688,-0.31
2020-05-04T08:05:08Z,19.38,0.29334,0.00013,34.54,15.5327,-40.441,-0.42
2020-05-04T08:15:10Z,19.41,0.28534,0.00013,32.56,15.70038,-39.868,-0.4
2020-05-04T08:23:11Z,19.43,0.28013,9e-05,30.96,15.83435,-39.332,-0.56
2020-05-04T08:28:12Z,19.44,0.27757,9e-05,29.96,15.91819,-38.964,-0.71
2020-05-04T08:33:13Z,19.46,0.2725,0.00011,28.95,16.00204,-38.569,-0.64
2020-05-04T08:38:15Z,19.47,0.27,9e-05,27.94,16.08615,-38.149,-0.64
2020-05-04T08:44:16Z,19.48,0.26753,7e-05,26.72,16.18671,-37.614,-0.84
2020-05-04T08:50:17Z,19.49,0.26507,5e-05,25.5,16.28726,-37.046,-0.77
2020-05-04T08:55:19Z,19.51,0.26023,6e-05,24.48,16.37138,-36.545,-0.62
2020-05-04T09:08:22Z,19.54,0.25314,8e-05,21.81,16.58947,-35.146,-0.69
2020-05-04T09:13:23Z,19.56,0.24852,9e-05,20.79,16.67331,-34.57,-0.77
2020-05-04T09:18:24Z,19.57,0.24624,0.00011,19.76,16.75715,-33.975,-0.8
2020-05-04T09:33:26Z,19.62,0.23516,0.0001,16.67,17.00839,-32.08,-1.36
2020-05-04T09:40:28Z,19.64,0.23087,6e-05,15.22,17.12594,-31.139,-1.11
2020-05-04T09:48:28Z,19.68,0.22252,6e-05,13.57,17.25964,-30.03,-1.41
2020-05-04T09:57:30Z,19.72,0.21447,0.0001,11.7,17.4106,-28.73,-1.58
2020-05-04T10:02:32Z,19.74,0.21056,0.00012,10.66,17.49472,-27.985,-1.58
2020-05-04T10:07:34Z,19.77,0.20482,7e-05,9.62,17.57884,-27.226,-1.75
2020-05-04T10:23:37Z,19.88,0.18508,7e-05,6.3,17.84707,-24.717,-1.8
2020-05-04T10:40:40Z,20.05,0.15826,0.00011,2.78,18.13202,-21.919,-2.48
2020-05-04T10:46:42Z,20.12,0.14838,0.00046,1.54,18.23285,-20.899,-2.35
2020-05-04T10:51:43Z,20.18,0.1404,0.00027,0.51,18.31669,-20.04,-2.57
2020-05-04T10:57:44Z,20.25,0.13163,0.00022,-0.73,18.41724,-18.997,-2.28
2020-05-04T11:04:47Z,20.24,0.13285,8e-05,-2.18,18.53506,-17.758,-2.46
2020-05-04T11:09:48Z,20.3,0.12571,0.00493,-3.21,18.6189,-16.866,-2.49
2020-05-04T11:14:49Z,20.3,0.12571,0.00464,-4.23,18.70274,-15.965,-2.76
2020-05-04T11:25:52Z,20.16,0.14301,0.00517,-6.49,18.88741,-13.954,-2.48
2020-05-04T11:30:53Z,19.96,0.17194,0.01134,-7.51,18.97125,-13.029,-2.63
2020-05-04T11:37:54Z,19.45,0.27502,0.01201,-8.94,19.08852,-11.724,-2.66
2020-05-04T11:45:55Z,18.35,0.75747,0.0526,-10.56,19.22249,-10.216,-3.04
2020-05-04T11:51:57Z,17.29,2.01078,0.19763,-11.78,19.32333,-9.071,-3.01
2020-05-04T11:58:58Z,15.79,8.00508,0.20614,-13.2,19.44059,-7.728,-3.1
2020-05-04T12:10:01Z,12.92,112.55521,0.08683,-15.41,19.62526,-5.592,-3.31
2020-05-04T12:15:02Z,11.6,379.63446,0.03923,-16.41,19.7091,-4.613,-3.67
2020-05-04T12:20:03Z,10.35,1200.50956,0.03823,-17.4,19.79294,-3.63,-3.38
2020-05-05T02:27:35Z,12.0,262.64287,0.54596,36.82,9.95717,-4.799,4.8
2020-05-05T02:32:37Z,13.33,77.15527,0.87873,37.71,10.04129,-5.777,4.62
2020-05-05T02:37:38Z,14.64,23.0869,0.67329,38.58,10.12513,-6.746,4.32
2020-05-05T02:42:39Z,15.8,7.93169,0.35309,39.44,10.20897,-7.71,4.23
2020-05-05T02:47:40Z,16.68,3.52668,0.15861,40.29,10.29281,-8.668,4.03
2020-05-05T03:03:43Z,17.69,1.39112,0.00453,42.93,10.56104,-11.693,3.66
2020-05-05T03:18:45Z,17.68,1.404,0.00642,45.28,10.81228,-14.464,3.2
2020-05-05T03:23:46Z,17.66,1.4301,0.00688,46.03,10.89612,-15.373,3.1
2020-05-05T03:28:47Z,17.68,1.404,0.00432,46.76,10.97996,-16.275,2.66
2020-05-05T03:34:49Z,17.71,1.36573,0.0078,47.62,11.08079,-17.349,2.71
2020-05-05T03:39:50Z,17.68,1.404,0.01041,48.31,11.16463,-18.232,2.59
2020-05-05T03:49:52Z,17.6,1.51135,0.00392,49.62,11.33231,-19.971,2.1
2020-05-05T03:58:54Z,17.6,1.51135,0.00268,50.73,11.48328,-21.504,2.01
2020-05-05T04:04:57Z,17.61,1.4975,0.00306,51.43,11.58439,-22.512,1.81
2020-05-05T04:15:58Z,17.63,1.47016,0.00313,52.6,11.7685,-24.306,1.74
2020-05-05T04:28:00Z,17.68,1.404,0.00242,53.72,11.96961,-26.2,1.29
2020-05-05T04:36:01Z,17.67,1.41699,0.00239,54.36,12.10359,-27.421,1.11
2020-05-05T04:41:03Z,17.62,1.48377,0.0022,54.72,12.1877,-28.17,1.03
2020-05-05T04:46:03Z,17.59,1.52534,0.00195,55.05,12.27127,-28.9,0.97
2020-05-05T04:51:05Z,17.59,1.52534,0.014,55.34,12.35538,-29.619,0.89
2020-05-05T04:56:06Z,17.58,1.53945,0.02047,55.59,12.43922,-30.321,0.77
2020-05-05T05:02:09Z,17.56,1.56807,0.01888,55.84,12.54033,-31.146,0.8
2020-05-05T05:07:11Z,17.53,1.612,0.01523,56.01,12.62445,-31.814,0.69
2020-05-05T05:17:13Z,17.43,1.76753,0.00276,56.23,12.79213,-33.093,0.08
2020-05-05T05:22:14Z,17.39,1.83386,0.00086,56.28,12.87597,-33.706,0.14
2020-05-05T05:28:16Z,17.25,2.08625,0.00317,56.29,12.9768,-34.417,0.02
2020-05-05T05:43:18Z,17.03,2.55485,0.00291,56.05,13.22804,-36.061,-0.3
2020-05-05T05:59:21Z,16.93,2.80134,0.00924,55.41,13.49628,-37.602,-0.4
2020-05-05T06:08:23Z,16.94,2.77566,0.01351,54.88,13.64724,-38.363,-0.48
2020-05-05T06:13:24Z,16.97,2.70001,0.01271,54.54,13.73108,-38.751,-0.61
2020-05-05T06:21:26Z,17.03,2.55485,0.00645,53.92,13.86534,-39.32,-0.7
2020-05-05T06:27:27Z,17.08,2.43986,0.00355,53.4,13.96589,-39.702,-0.55
2020-05-05T06:33:28Z,17.21,2.16454,0.00589,52.83,14.06645,-40.046,-0.5
2020-05-05T06:38:29Z,17.36,1.88524,0.0028,52.33,14.15029,-40.302,-0.57
2020-05-05T06:43:30Z,17.47,1.70359,0.00244,51.79,14.23413,-40.531,-0.55
2020-05-05T06:51:31Z,17.57,1.55369,0.00578,50.89,14.3681,-40.837,-0.86
2020-05-05T06:56:32Z,17.63,1.47016,0.00711,50.28,14.45194,-40.992,-0.99
2020-05-05T07:01:34Z,17.72,1.35321,0.00765,49.66,14.53606,-41.117,-1.15
2020-05-05T07:06:35Z,17.8,1.25709,0.00341,49.01,14.6199,-41.213,-1.24
2020-05-05T07:11:36Z,17.87,1.1786,0.20376,48.34,14.70374,-41.28,-1.22
2020-05-05T07:16:37Z,18.0,1.0456,0.2578,47.64,14.78758,-41.317,-1.27
2020-05-05T07:21:38Z,18.13,0.92761,0.26886,46.93,14.87142,-41.324,-1.24
2020-05-05T07:31:40Z,18.3,0.79317,0.26907,45.45,15.0391,-41.25,-1.45
2020-05-05T07:37:41Z,18.35,0.75747,0.27707,44.53,15.13965,-41.149,-1.41
2020-05-05T07:43:42Z,18.39,0.73007,0.2984,43.59,15.24021,-41.006,-1.59
2020-05-05T07:48:43Z,18.38,0.73683,0.33712,42.78,15.32405,-40.854,-1.71
2020-05-05T07:53:44Z,18.4,0.72338,0.38812,41.97,15.40789,-40.674,-1.93
2020-05-05T07:58:46Z,19.04,0.4012,0.51328,41.13,15.492,-40.464,-2.2
2020-05-05T08:03:47Z,19.06,0.39388,0.17864,40.29,15.57584,-40.228,-2.29
2020-05-05T08:09:48Z,19.08,0.38669,0.1623,39.26,15.6764,-39.907,-2.39
2020-05-05T08:14:49Z,19.09,0.38315,0.16884,38.39,15.76024,-39.609,-2.5
2020-05-05T08:22:51Z,19.11,0.37615,0.20917,36.98,15.89449,-39.078,-2.55
2020-05-05T08:27:52Z,19.12,0.37271,0.21744,36.09,15.97833,-38.712,-2.99
2020-05-05T08:32:53Z,19.14,0.3659,0.15779,35.18,16.06217,-38.321,-3.05
2020-05-05T08:37:54Z,19.15,0.36255,0.12498,34.27,16.14601,-37.906,-2.92
2020-05-05T08:53:57Z,19.2,0.34623,0.14284,31.29,16.41424,-36.416,-3.13
2020-05-05T08:58:58Z,19.21,0.34306,9e-05,30.35,16.49808,-35.903,-3.27
2020-05-05T09:08:00Z,19.23,0.33679,5e-05,28.63,16.64905,-34.926,-3.46
2020-05-05T09:13:01Z,19.25,0.33065,8e-05,27.67,16.73289,-34.354,-3.53
2020-05-05T09:19:02Z,19.26,0.32762,7e-05,26.51,16.83344,-33.643,-3.75
2020-05-05T09:24:04Z,19.28,0.32164,6e-05,25.53,16.91756,-33.026,-3.87
2020-05-05T09:29:05Z,19.29,0.31869,8e-05,24.55,17.0014,-32.394,-3.8
2020-05-05T09:37:06Z,19.31,0.31287,7e-05,22.98,17.13538,-31.346,-3.79
2020-05-05T09:43:08Z,19.33,0.30716,6e-05,21.79,17.23621,-30.529,-3.88
2020-05-05T09:48:09Z,19.34,0.30434,5e-05,20.8,17.32005,-29.832,-3.86
2020-05-05T09:58:11Z,19.37,0.29605,5e-05,18.8,17.48773,-28.392,-3.97
2020-05-05T10:03:13Z,19.39,0.29065,5e-05,17.79,17.57185,-27.648,-3.92
2020-05-05T10:08:13Z,19.41,0.28534,5e-05,16.79,17.65541,-26.894,-3.97
2020-05-05T10:13:15Z,19.43,0.28013,6e-05,15.77,17.73953,-26.122,-3.99
2020-05-05T10:18:19Z,19.46,0.2725,3e-05,14.75,17.82421,-25.332,-4.2
2020-05-05T10:25:21Z,19.48,0.26753,6e-05,13.33,17.94175,-24.214,-4.14
2020-05-05T10:30:23Z,19.5,0.26264,0.0001,12.31,18.02587,-23.4,-3.97
2020-05-05T10:35:24Z,19.53,0.25549,0.00014,11.29,18.10971,-22.577,-3.94
2020-05-05T10:40:25Z,19.56,0.24852,0.00011,10.27,18.19355,-21.743,-3.9
2020-05-05T10:45:26Z,19.58,0.24399,0.00014,9.24,18.27739,-20.899,-3.78
2020-05-05T10:50:27Z,19.61,0.23734,0.00014,8.22,18.36123,-20.044,-3.71
2020-05-05T10:55:28Z,19.65,0.22875,0.00013,7.19,18.44507,-19.18,-3.83
2020-05-05T11:00:28Z,19.7,0.21846,0.00016,6.17,18.52863,-18.309,-3.8
2020-05-05T11:15:30Z,19.86,0.18852,0.00018,3.08,18.77987,-15.639,-4.37
2020-05-05T11:37:32Z,19.32,0.31,0.00023,-1.45,19.1481,-11.598,-4.61
2020-05-05T11:42:33Z,18.69,0.55382,0.0554,-2.48,19.23194,-10.659,-4.58
2020-05-05T11:48:36Z,17.73,1.34081,0.16936,-3.73,19.33305,-9.518,-4.38
2020-05-05T11:58:36Z,15.66,9.0233,0.45742,-5.79,19.50017,-7.612,-4.26
2020-05-05T12:04:38Z,14.11,37.61539,0.92372,-7.03,19.601,-6.451,-4.25
2020-05-05T12:09:40Z,12.79,126.87195,0.78049,-8.06,19.68512,-5.477,-4.19
2020-05-05T12:14:41Z,11.46,431.88251,0.47496,-9.09,19.76896,-4.5,-4.53
2020-05-05T12:19:42Z,10.21,1365.73243,0.27791,-10.12,19.8528,-3.519,-4.31
2020-05-06T02:28:20Z,12.01,260.23495,0.03938,23.23,10.03541,-4.796,6.34
2020-05-06T02:33:21Z,13.35,75.74703,0.20391,24.15,10.11925,-5.768,6.3
2020-05-06T02:38:22Z,14.66,22.66552,0.43341,25.06,10.20309,-6.735,6.21
2020-05-06T02:44:23Z,16.13,5.85283,0.33824,26.14,10.30364,-7.887,6.06
2020-05-06T02:49:24Z,17.03,2.55485,0.19816,27.03,10.38748,-8.841,5.88
2020-05-06T02:54:29Z,17.71,1.36573,0.0693,27.93,10.47244,-9.802,5.78
2020-05-06T02:59:30Z,18.14,0.91911,0.03996,28.81,10.55628,-10.744,5.62
2020-05-06T03:07:32Z,18.44,0.69721,0.06873,30.2,10.69053,-12.238,5.46
2020-05-06T03:12:33Z,18.49,0.66583,0.09484,31.05,10.77437,-13.163,5.33
2020-05-06T03:23:35Z,18.53,0.64175,0.11046,32.89,10.95877,-15.169,4.69
2020-05-06T03:33:37Z,18.5,0.65973,0.08022,34.52,11.12645,-16.961,4.55
2020-05-06T03:41:38Z,18.49,0.66583,0.0336,35.79,11.26042,-18.367,4.41
2020-05-06T03:46:39Z,18.48,0.67199,0.03764,36.56,11.34426,-19.236,4.58
2020-05-06T03:55:40Z,17.98,1.06504,0.00102,37.92,11.49495,-20.773,4.22
2020-05-06T04:00:40Z,17.89,1.15709,0.00082,38.66,11.57851,-21.611,4.02
2020-05-06T04:10:41Z,17.74,1.32851,0.00076,40.08,11.74592,-23.259,3.75
2020-05-06T04:15:43Z,17.69,1.39112,0.00061,40.76,11.83003,-24.07,3.44
2020-05-06T04:21:44Z,17.63,1.47016,0.0006,41.56,11.93059,-25.023,3.45
2020-05-06T04:26:46Z,17.58,1.53945,0.00062,42.21,12.01471,-25.807,3.47
2020-05-06T04:33:48Z,17.5,1.65716,0.00159,43.08,12.13225,-26.881,3.2
2020-05-06T04:38:49Z,17.43,1.76753,0.00306,43.68,12.21609,-27.631,3.3
2020-05-06T04:43:50Z,17.4,1.81704,0.00245,44.26,12.29993,-28.366,3.16
2020-05-06T04:49:51Z,17.36,1.88524,0.00231,44.92,12.40048,-29.229,2.8
2020-05-06T04:54:52Z,17.32,1.95599,0.00256,45.44,12.48432,-29.932,2.95
2020-05-06T05:00:54Z,17.27,2.04817,0.0036,46.04,12.58515,-30.756,2.85
2020-05-06T05:05:57Z,17.23,2.12503,0.00358,46.51,12.66955,-31.428,2.64
2020-05-06T05:11:00Z,17.2,2.18457,0.00376,46.96,12.75395,-32.082,2.6
2020-05-06T05:16:01Z,17.11,2.37337,0.0031,47.37,12.83779,-32.714,2.63
2020-05-06T05:47:34Z,17.01,2.60235,0.00347,49.3,13.36506,-36.245,2.19
2020-05-06T05:59:37Z,16.99,2.65073,0.003,49.71,13.56644,-37.371,2.21
2020-05-06T06:04:38Z,16.96,2.72499,0.00406,49.83,13.65028,-37.8,1.85
2020-05-06T06:09:39Z,16.95,2.75021,0.00747,49.91,13.73412,-38.204,1.76
2020-05-06T06:28:43Z,17.06,2.48522,0.00477,49.9,14.05277,-39.511,1.38
2020-05-06T06:33:44Z,17.07,2.46244,0.0083,49.81,14.13661,-39.791,1.4
2020-05-06T06:40:56Z,17.14,2.30869,0.01615,49.63,14.25694,-40.146,1.45
2020-05-06T06:49:00Z,17.21,2.16454,0.01937,49.35,14.39175,-40.475,1.27
2020-05-06T06:58:02Z,17.25,2.08625,0.00437,48.93,14.54272,-40.755,1.36
2020-05-06T07:04:05Z,17.31,1.97408,0.00607,48.59,14.64383,-40.891,1.49
2020-05-06T07:11:11Z,17.46,1.71936,0.00901,48.14,14.76249,-40.996,1.59
2020-05-06T07:23:14Z,17.69,1.39112,0.07717,47.24,14.96387,-41.04,0.51
2020-05-06T07:28:15Z,17.74,1.32851,0.07259,46.81,15.04771,-41.008,0.58
2020-05-06T07:33:16Z,17.78,1.28046,0.08257,46.36,15.13155,-40.947,0.28
2020-05-06T07:39:17Z,17.81,1.24556,0.09528,45.78,15.2321,-40.834,-0.01
2020-05-06T07:46:19Z,17.83,1.22283,0.09541,45.06,15.34964,-40.65,0.08
2020-05-06T07:51:20Z,17.86,1.1895,0.23834,44.52,15.43348,-40.484,-0.07
2020-05-06T07:59:25Z,17.94,1.10501,0.31897,43.6,15.56858,-40.157,-0.21
2020-05-06T08:06:28Z,18.01,1.03601,0.00607,42.75,15.6864,-39.812,-0.29
2020-05-06T08:11:28Z,18.04,1.00778,0.00901,42.12,15.76996,-39.535,-0.43
2020-05-06T08:39:31Z,18.23,0.84599,0.00154,38.25,16.23874,-37.499,-0.85
2020-05-06T08:45:32Z,18.25,0.83055,0.00197,37.36,16.33929,-36.961,-0.93
2020-05-06T08:50:34Z,18.28,0.80791,0.00236,36.59,16.42341,-36.486,-0.97
2020-05-06T08:55:35Z,18.35,0.75747,0.00167,35.81,16.50725,-35.99,-0.8
2020-05-06T09:01:38Z,18.88,0.46491,0.00155,34.86,16.60836,-35.363,-0.88
2020-05-06T09:06:39Z,18.9,0.45642,0.12221,34.05,16.6922,-34.82,-0.9
2020-05-06T09:11:40Z,18.91,0.45224,0.09551,33.24,16.77604,-34.256,-0.84
2020-05-06T09:16:41Z,18.93,0.44398,0.09622,32.41,16.85988,-33.672,-0.88
2020-05-06T09:21:42Z,18.94,0.43991,0.1327,31.57,16.94372,-33.069,-0.97
2020-05-06T09:26:43Z,18.96,0.43188,0.13547,30.71,17.02756,-32.447,-1.07
2020-05-06T09:31:44Z,18.97,0.42792,0.08673,29.85,17.1114,-31.807,-1.03
2020-05-06T09:36:45Z,18.98,0.424,0.06557,28.98,17.19524,-31.15,-1.0
2020-05-06T09:44:47Z,19.01,0.41244,0.07732,27.57,17.32949,-30.063,-1.14
2020-05-06T09:49:48Z,19.02,0.40866,7e-05,26.68,17.41333,-29.363,-1.25
2020-05-06T09:59:50Z,19.05,0.39753,7e-05,24.87,17.58101,-27.918,-1.42
2020-05-06T10:04:52Z,19.07,0.39027,6e-05,23.95,17.66513,-27.171,-1.45
2020-05-06T10:09:53Z,19.08,0.38669,6e-05,23.03,17.74897,-26.413,-1.49
2020-05-06T10:14:54Z,19.1,0.37963,7e-05,22.1,17.83281,-25.642,-1.49
2020-05-06T10:19:55Z,19.11,0.37615,6e-05,21.16,17.91665,-24.857,-1.44
2020-05-06T10:26:56Z,19.13,0.36929,6e-05,19.84,18.03392,-23.74,-1.55
2020-05-06T10:31:57Z,19.15,0.36255,5e-05,18.89,18.11776,-22.927,-1.52
2020-05-06T10:44:59Z,19.19,0.34943,5e-05,16.4,18.33557,-20.764,-1.87
2020-05-06T10:50:00Z,19.21,0.34306,5e-05,15.43,18.41941,-19.912,-2.05
2020-05-06T10:59:02Z,19.25,0.33065,5e-05,13.68,18.57038,-18.355,-2.05
2020-05-06T11:04:04Z,19.28,0.32164,5e-05,12.7,18.6545,-17.474,-2.32
2020-05-06T11:11:07Z,19.32,0.31,9e-05,11.32,18.77232,-16.226,-2.15
2020-05-06T11:16:07Z,19.33,0.30716,6e-05,10.33,18.85588,-15.33,-2.36
2020-05-06T11:21:08Z,19.34,0.30434,0.00019,9.34,18.93972,-14.424,-2.6
2020-05-06T11:26:09Z,19.32,0.31,0.00046,8.35,19.02356,-13.51,-2.51
2020-05-06T11:31:11Z,19.22,0.33991,0.00169,7.35,19.10768,-12.585,-2.65
2020-05-06T11:36:12Z,18.98,0.424,0.00571,6.35,19.19152,-11.656,-2.85
2020-05-06T11:42:13Z,18.4,0.72338,0.02452,5.14,19.29208,-10.533,-3.03
2020-05-06T11:48:14Z,17.53,1.612,0.07332,3.94,19.39263,-9.401,-3.41
2020-05-06T11:53:15Z,16.6,3.79634,0.12885,2.93,19.47647,-8.45,-3.53
2020-05-06T12:02:17Z,14.47,27.00012,0.08328,1.11,19.62744,-6.723,-3.39
2020-05-06T12:12:19Z,11.83,307.16068,0.04154,-0.92,19.79512,-4.784,-3.19
2020-05-06T12:17:20Z,10.56,989.38568,0.03957,-1.94,19.87896,-3.806,-3.31
2020-05-07T02:28:26Z,12.15,228.75238,0.16705,9.48,10.10279,-4.667,8.02
2020-05-07T02:34:28Z,13.66,56.9332,0.32686,10.61,10.20362,-5.833,7.74
2020-05-07T02:39:29Z,14.96,17.19355,0.67147,11.54,10.28746,-6.797,7.57
2020-05-07T02:44:30Z,16.21,5.43708,0.40724,12.47,10.3713,-7.755,7.34
2020-05-07T02:49:31Z,17.15,2.28752,0.25918,13.4,10.45514,-8.708,7.09
2020-05-07T03:06:36Z,18.6,0.60168,0.00597,16.5,10.74064,-11.903,6.63
2020-05-07T03:14:37Z,18.68,0.55894,0.0003,17.93,10.87462,-13.375,6.44
2020-05-07T03:19:38Z,18.67,0.56411,6e-05,18.82,10.95846,-14.287,6.36
2020-05-07T03:24:39Z,18.64,0.57992,0.00115,19.7,11.0423,-15.191,6.29
2020-05-07T03:29:41Z,18.61,0.59616,0.00414,20.57,11.12642,-16.09,6.17
2020-05-07T03:45:43Z,18.49,0.66583,0.00557,23.31,11.39437,-18.895,5.86
2020-05-07T03:53:45Z,18.44,0.69721,0.00432,24.64,11.52863,-20.265,5.7
2020-05-07T03:58:46Z,18.4,0.72338,0.00421,25.46,11.61247,-21.108,5.67
2020-05-07T04:07:47Z,18.33,0.77155,0.00456,26.91,11.76316,-22.596,5.43
2020-05-07T04:12:49Z,18.29,0.80051,0.00467,27.71,11.84728,-23.411,5.47
2020-05-07T04:17:49Z,18.25,0.83055,0.00361,28.48,11.93084,-24.209,5.44
2020-05-07T04:22:50Z,18.16,0.90233,0.04691,29.25,12.01468,-24.997,5.3
2020-05-07T04:27:51Z,18.21,0.86172,0.04587,30.01,12.09852,-25.773,5.27
2020-05-07T04:36:53Z,18.19,0.87774,0.06754,31.34,12.24949,-27.137,5.1
2020-05-07T04:41:54Z,18.17,0.89406,0.0753,32.05,12.33333,-27.876,5.05
2020-05-07T04:47:55Z,18.16,0.90233,0.06504,32.9,12.43388,-28.742,4.99
2020-05-07T04:52:56Z,18.15,0.91068,0.04913,33.58,12.51772,-29.448,4.89
2020-05-07T04:57:57Z,18.14,0.91911,0.03819,34.25,12.60156,-30.138,4.65
2020-05-07T05:03:58Z,18.12,0.93619,0.04032,35.03,12.70211,-30.945,4.38
2020-05-07T05:09:00Z,17.74,1.32851,0.00093,35.67,12.78623,-31.601,4.33
2020-05-07T05:16:02Z,17.68,1.404,0.00072,36.53,12.90377,-32.488,4.31
2020-05-07T05:28:04Z,17.57,1.55369,0.00021,37.91,13.10488,-33.922,3.99
2020-05-07T05:35:05Z,17.5,1.65716,0.00014,38.66,13.22214,-34.706,3.88
2020-05-07T05:40:06Z,17.45,1.73526,0.00077,39.17,13.30598,-35.242,3.64
2020-05-07T05:45:09Z,17.41,1.80039,0.00215,39.67,13.39038,-35.761,3.51
2020-05-07T05:50:10Z,17.39,1.83386,0.00241,40.14,13.47422,-36.253,3.27
2020-05-07T05:58:12Z,17.36,1.88524,0.00114,40.84,13.60848,-36.996,3.08
2020-05-07T06:03:14Z,17.35,1.90268,0.00053,41.25,13.69259,-37.43,3.01
2020-05-07T06:09:16Z,17.36,1.88524,0.00058,41.7,13.79342,-37.919,2.99
2020-05-07T06:14:17Z,17.39,1.83386,0.00033,42.05,13.87726,-38.299,2.85
2020-05-07T06:20:18Z,17.42,1.78388,0.00023,42.44,13.97782,-38.72,2.82
2020-05-07T06:25:19Z,17.42,1.78388,0.00018,42.73,14.06166,-39.043,2.87
2020-05-07T06:30:20Z,17.41,1.80039,0.00041,43.0,14.1455,-39.34,2.84
2020-05-07T06:35:22Z,17.42,1.78388,0.00032,43.24,14.22962,-39.611,2.83
2020-05-07T06:40:23Z,17.42,1.78388,0.00832,43.45,14.31346,-39.853,2.9
2020-05-07T06:45:24Z,17.42,1.78388,0.00894,43.63,14.3973,-40.068,2.88
2020-05-07T06:50:25Z,17.42,1.78388,0.00791,43.78,14.48114,-40.254,2.77
2020-05-07T06:59:27Z,17.41,1.80039,0.00501,43.98,14.6321,-40.518,2.58
2020-05-07T07:05:30Z,17.39,1.83386,0.00219,44.06,14.73321,-40.643,2.34
2020-05-07T07:10:31Z,17.39,1.83386,0.00412,44.09,14.81705,-40.714,2.24
2020-05-07T07:15:32Z,17.4,1.81704,0.01324,44.09,14.90089,-40.757,2.11
2020-05-07T07:20:33Z,17.39,1.83386,0.0299,44.07,14.98473,-40.769,2.02
2020-05-07T07:25:34Z,17.38,1.85083,0.00032,44.01,15.06857,-40.753,2.1
2020-05-07T07:30:35Z,17.38,1.85083,0.0003,43.92,15.15241,-40.707,2.06
2020-05-07T07:35:36Z,17.39,1.83386,0.00026,43.81,15.23625,-40.632,2.07
2020-05-07T07:40:37Z,17.39,1.83386,0.00029,43.66,15.32009,-40.528,1.94
2020-05-07T07:45:38Z,17.4,1.81704,0.00029,43.49,15.40393,-40.395,1.88
2020-05-07T07:56:38Z,17.44,1.75132,0.00028,43.01,15.58777,-40.004,1.74
2020-05-07T08:03:41Z,17.5,1.65716,0.00027,42.63,15.70559,-39.682,1.36
2020-05-07T08:13:42Z,17.57,1.55369,0.00023,41.99,15.87299,-39.132,0.97
2020-05-07T08:25:44Z,17.68,1.404,0.00022,41.1,16.0741,-38.331,0.75
2020-05-07T08:35:46Z,17.74,1.32851,0.00026,40.24,16.24178,-37.552,0.49
2020-05-07T08:41:47Z,17.77,1.29231,0.00129,39.68,16.34233,-37.039,0.51
2020-05-07T08:46:48Z,17.79,1.26872,0.00212,39.19,16.42617,-36.584,0.44
2020-05-07T08:52:48Z,17.8,1.25709,0.00221,38.58,16.52644,-36.011,0.35
2020-05-07T09:07:51Z,17.88,1.16779,0.00242,36.9,16.77796,-34.435,0.19
2020-05-07T09:15:53Z,17.9,1.14648,0.00074,35.94,16.91222,-33.519,0.22
2020-05-07T09:20:54Z,17.89,1.15709,0.00074,35.31,16.99606,-32.921,0.42
2020-05-07T09:32:56Z,17.95,1.09488,0.00087,33.74,17.19716,-31.412,0.1
2020-05-07T09:43:58Z,18.02,1.02652,0.00086,32.22,17.38155,-29.941,0.04
2020-05-07T09:54:59Z,18.1,0.9536,0.00128,30.63,17.56567,-28.394,-0.23
2020-05-07T10:00:01Z,18.51,0.65368,0.00155,29.88,17.64979,-27.664,-0.26
2020-05-07T10:06:03Z,18.56,0.62426,0.06783,28.97,17.75062,-26.769,-0.38
2020-05-07T10:19:05Z,18.6,0.60168,0.06841,26.93,17.96844,-24.771,-0.57
2020-05-07T10:24:12Z,18.61,0.59616,0.08894,26.11,18.05395,-23.962,-0.54
2020-05-07T10:29:14Z,18.63,0.58528,0.10462,25.3,18.13806,-23.155,-0.59
2020-05-07T10:35:15Z,18.65,0.5746,0.10505,24.31,18.23862,-22.176,-0.79
2020-05-07T10:42:19Z,18.67,0.56411,0.08377,23.13,18.35672,-21.005,-0.8
2020-05-07T10:47:20Z,18.68,0.55894,0.06092,22.28,18.44056,-20.161,-0.83
2020-05-07T10:58:22Z,18.72,0.53872,0.06426,20.38,18.62495,-18.27,-0.68
2020-05-07T11:12:25Z,18.78,0.50976,0.00042,17.91,18.85976,-15.799,-0.91
2020-05-07T11:18:27Z,18.79,0.50509,0.0001,16.83,18.96059,-14.717,-0.95
2020-05-07T11:23:28Z,18.78,0.50976,0.00014,15.92,19.04443,-13.809,-0.92
2020-05-07T11:28:28Z,18.75,0.52404,0.00063,15.02,19.12799,-12.896,-1.16
2020-05-07T11:33:30Z,18.65,0.5746,0.0021,14.1,19.21211,-11.97,-1.1
2020-05-07T11:38:31Z,18.41,0.71675,0.00785,13.17,19.29595,-11.04,-1.07
2020-05-07T11:46:33Z,17.63,1.47016,0.02865,11.68,19.4302,-9.537,-1.18
2020-05-07T11:57:35Z,15.52,10.26516,0.16674,9.62,19.6146,-7.446,-1.29
2020-05-07T12:03:36Z,13.97,42.7923,0.53037,8.48,19.71515,-6.294,-1.43
2020-05-07T12:09:37Z,12.38,185.08261,0.20639,7.34,19.8157,-5.134,-1.47
2020-05-07T12:17:38Z,10.31,1245.56278,0.07494,5.8,19.94968,-3.576,-1.62
2020-05-08T02:21:40Z,10.37,1178.59779,0.42596,-5.42,10.05542,-3.205,9.06
2020-05-08T02:32:08Z,12.95,109.48777,0.07993,-3.41,10.23034,-5.234,8.62
2020-05-08T02:37:09Z,14.29,31.86879,0.601,-2.45,10.31418,-6.199,8.43
2020-05-08T02:48:17Z,17.07,2.46244,0.27378,-0.34,10.50024,-8.32,8.11
2020-05-08T02:54:18Z,18.09,0.96242,0.13206,0.79,10.60079,-9.453,7.84
2020-05-08T02:59:19Z,18.7,0.54874,0.06035,1.73,10.68463,-10.391,7.62
2020-05-08T03:04:26Z,19.06,0.39388,0.02733,2.68,10.77014,-11.341,7.42
2020-05-08T03:13:28Z,19.32,0.31,0.00064,4.36,10.92111,-13.001,7.14
2020-05-08T03:18:30Z,19.32,0.31,0.00016,5.28,11.00523,-13.915,7.08
2020-05-08T03:23:32Z,19.29,0.31869,0.00026,6.2,11.08935,-14.822,6.88
2020-05-08T03:36:34Z,19.2,0.34623,0.00018,8.56,11.30717,-17.131,6.68
2020-05-08T03:41:35Z,19.17,0.35593,0.00018,9.46,11.39101,-18.004,6.58
2020-05-08T03:46:36Z,19.13,0.36929,0.00053,10.35,11.47485,-18.868,6.49
2020-05-08T03:51:37Z,19.11,0.37615,0.00023,11.23,11.55869,-19.723,6.32
2020-05-08T03:56:38Z,19.08,0.38669,0.00015,12.11,11.64253,-20.567,6.17
2020-05-08T04:02:41Z,19.03,0.40492,0.0002,13.16,11.74364,-21.572,6.09
2020-05-08T04:07:41Z,19.0,0.41626,0.00013,14.02,11.8272,-22.39,6.05
2020-05-08T04:26:44Z,18.85,0.47793,0.00031,17.23,12.14557,-25.403,5.61
2020-05-08T04:31:45Z,18.82,0.49132,0.00031,18.05,12.22941,-26.166,5.37
2020-05-08T04:39:47Z,18.75,0.52404,0.0003,19.35,12.36366,-27.36,5.31
2020-05-08T04:54:50Z,18.66,0.56933,0.00031,21.73,12.61518,-29.498,5.31
2020-05-08T05:03:52Z,18.6,0.60168,0.00032,23.1,12.76615,-30.713,5.3
2020-05-08T05:08:53Z,18.57,0.61854,0.00039,23.85,12.84999,-31.365,5.26
2020-05-08T05:13:54Z,18.55,0.63004,0.00036,24.59,12.93383,-31.999,5.23
2020-05-08T05:18:56Z,18.52,0.64769,0.00049,25.32,13.01795,-32.617,5.14
2020-05-08T05:24:57Z,18.47,0.67821,0.00039,26.17,13.1185,-33.332,5.05
2020-05-08T05:29:58Z,18.45,0.69082,0.00036,26.87,13.20234,-33.906,5.1
2020-05-08T05:36:00Z,18.43,0.70366,0.04928,27.69,13.30317,-34.57,4.87
2020-05-08T05:41:01Z,18.41,0.71675,0.04629,28.35,13.38701,-35.1,3.85
2020-05-08T05:51:02Z,18.38,0.73683,0.04605,29.64,13.55441,-36.093,4.22
2020-05-08T05:56:03Z,18.35,0.75747,0.06668,30.26,13.63825,-36.557,4.13
2020-05-08T06:01:06Z,18.34,0.76448,0.06899,30.87,13.72265,-37.001,3.94
2020-05-08T06:06:08Z,18.35,0.75747,0.05491,31.46,13.80677,-37.419,3.86
2020-05-08T06:14:09Z,18.33,0.77155,0.03497,32.36,13.94075,-38.035,3.93
2020-05-08T06:19:10Z,18.33,0.77155,0.0431,32.9,14.02459,-38.388,3.85
2020-05-08T06:24:12Z,17.98,1.06504,0.00027,33.42,14.1087,-38.716,3.89
2020-05-08T06:29:13Z,17.97,1.07489,0.00026,33.92,14.19254,-39.016,3.72
2020-05-08T06:34:14Z,17.96,1.08484,0.00023,34.41,14.27639,-39.291,3.84
2020-05-08T06:41:15Z,17.95,1.09488,0.00057,35.05,14.39365,-39.628,3.8
2020-05-08T06:46:16Z,17.94,1.10501,0.17987,35.48,14.47749,-39.837,3.79
2020-05-08T06:51:17Z,17.93,1.11523,0.19125,35.89,14.56133,-40.017,3.75
2020-05-08T06:56:19Z,17.94,1.10501,0.20803,36.28,14.64545,-40.17,3.69
2020-05-08T07:03:21Z,17.92,1.12555,0.1829,36.78,14.76299,-40.335,3.7
2020-05-08T07:09:22Z,17.9,1.14648,0.11535,37.18,14.86354,-40.431,3.81
2020-05-08T07:14:24Z,17.89,1.15709,0.0058,37.49,14.94766,-40.479,3.74
2020-05-08T07:23:25Z,17.87,1.1786,0.00539,37.97,15.09835,-40.492,3.9
2020-05-08T07:31:27Z,17.88,1.16779,0.00501,38.34,15.23261,-40.425,3.67
2020-05-08T07:37:28Z,17.88,1.16779,0.00587,38.57,15.33316,-40.326,3.69
2020-05-08T07:42:30Z,17.88,1.16779,0.00065,38.73,15.41728,-40.211,3.54
2020-05-08T08:01:33Z,17.9,1.14648,0.00052,39.11,15.73565,-39.517,3.24
2020-05-08T08:07:34Z,17.9,1.14648,0.00021,39.14,15.8362,-39.214,2.98
2020-05-08T08:13:36Z,17.85,1.20051,0.0003,39.14,15.93703,-38.872,2.79
2020-05-08T08:18:36Z,17.86,1.1895,0.00207,39.12,16.02059,-38.56,2.57
2020-05-08T08:23:38Z,17.86,1.1895,0.00187,39.06,16.10471,-38.219,2.45
2020-05-08T08:28:39Z,17.86,1.1895,0.00123,38.98,16.18855,-37.854,2.49
2020-05-08T08:33:40Z,17.89,1.15709,0.00139,38.87,16.27239,-37.464,2.37
2020-05-08T08:39:41Z,17.89,1.15709,0.00255,38.7,16.37294,-36.964,2.16
2020-05-08T08:44:42Z,17.92,1.12555,0.00269,38.53,16.45678,-36.522,1.93
2020-05-08T08:56:45Z,17.9,1.14648,0.0009,38.02,16.65817,-35.365,1.76
2020-05-08T09:04:48Z,17.88,1.16779,0.00277,37.6,16.7927,-34.522,1.79
2020-05-08T09:14:49Z,17.78,1.28046,0.00115,36.99,16.9601,-33.4,1.97
2020-05-08T09:22:51Z,17.77,1.29231,0.00247,36.43,17.09436,-32.444,2.02
2020-05-08T09:32:52Z,17.75,1.31633,0.00216,35.65,17.26176,-31.186,2.26
2020-05-08T09:37:54Z,17.73,1.34081,0.00467,35.23,17.34588,-30.527,2.22
2020-05-08T09:42:55Z,17.77,1.29231,0.00458,34.78,17.42972,-29.854,2.17
2020-05-08T09:52:56Z,17.91,1.13597,0.00686,33.83,17.59712,-28.462,1.68
2020-05-08T10:04:59Z,18.03,1.0171,0.01459,32.59,17.7985,-26.709,1.34
2020-05-08T10:14:01Z,18.1,0.9536,0.00569,31.58,17.94947,-25.342,1.39
2020-05-08T10:19:02Z,18.2,0.86969,0.00704,31.0,18.03331,-24.565,1.25
2020-05-08T10:24:04Z,18.28,0.80791,0.00653,30.4,18.11743,-23.773,1.14
2020-05-08T10:29:05Z,18.26,0.82294,0.0065,29.78,18.20127,-22.971,1.16
2020-05-08T10:34:07Z,18.17,0.89406,0.00752,29.15,18.28539,-22.155,0.84
2020-05-08T10:40:08Z,18.18,0.88586,0.01648,28.37,18.38594,-21.165,1.3
2020-05-08T10:46:15Z,18.28,0.80791,0.01607,27.55,18.48816,-20.143,1.04
2020-05-08T10:51:16Z,18.38,0.73683,0.02018,26.87,18.572,-19.293,0.7
2020-05-08T10:56:17Z,18.44,0.69721,0.03166,26.17,18.65584,-18.434,0.7
2020-05-08T11:15:20Z,18.8,0.50046,0.03034,23.41,18.97421,-15.088,0.75
2020-05-08T11:20:21Z,18.82,0.49132,0.01603,22.65,19.05805,-14.187,0.9
2020-05-08T11:31:23Z,18.71,0.54371,0.0203,20.95,19.24244,-12.178,0.75
2020-05-08T11:36:24Z,18.54,0.63587,0.07163,20.16,19.32628,-11.253,0.77
2020-05-08T11:41:25Z,18.17,0.89406,0.06415,19.36,19.41012,-10.321,0.66
2020-05-08T11:46:26Z,17.57,1.55369,0.08411,18.55,19.49396,-9.382,0.68
2020-05-08T11:51:27Z,16.75,3.30648,0.1577,17.73,19.5778,-8.437,0.7
2020-05-08T11:56:28Z,15.63,9.2761,0.28229,16.91,19.66164,-7.485,0.65
2020-05-08T12:04:31Z,13.49,66.58335,0.46587,15.56,19.79618,-5.947,0.46
2020-05-08T12:09:32Z,12.25,208.62465,0.11494,14.71,19.88002,-4.981,0.6
2020-05-08T12:15:34Z,10.81,785.89698,0.07172,13.68,19.98085,-3.812,0.58
2020-05-09T02:25:37Z,10.83,771.55275,0.13467,-17.89,10.18714,-3.828,14.22
2020-05-09T02:30:38Z,12.01,260.23495,0.15675,-16.91,10.27098,-4.797,13.05
2020-05-09T02:43:41Z,15.28,12.80459,0.23096,-14.38,10.48908,-7.295,11.82
2020-05-09T02:49:41Z,16.52,4.08663,0.21865,-13.22,10.58935,-8.43,12.32
2020-05-09T02:54:43Z,17.61,1.4975,0.10099,-12.26,10.67347,-9.375,12.1
2020-05-09T02:59:44Z,18.27,0.81539,0.07496,-11.29,10.75731,-10.311,11.43
2020-05-09T03:04:46Z,18.71,0.54371,0.06743,-10.33,10.84143,-11.243,11.07
2020-05-09T03:09:47Z,19.02,0.40866,0.05571,-9.38,10.92527,-12.165,10.94
2020-05-09T03:18:54Z,19.66,0.22666,0.00581,-7.65,11.07763,-13.822,9.27
2020-05-09T03:36:56Z,19.82,0.1956,0.01889,-4.27,11.37901,-17.022,7.95
2020-05-09T03:43:04Z,19.94,0.17513,0.01116,-3.13,11.48151,-18.085,7.47
2020-05-09T03:48:05Z,19.95,0.17353,0.00729,-2.2,11.56535,-18.944,7.13
2020-05-09T03:54:07Z,19.93,0.17675,0.00345,-1.09,11.66618,-19.964,6.75
2020-05-09T03:59:09Z,19.9,0.1817,0.0018,-0.17,11.7503,-20.804,6.59
2020-05-09T04:04:11Z,19.87,0.1868,0.00241,0.74,11.83442,-21.633,6.39
2020-05-09T04:09:12Z,19.81,0.19741,0.00437,1.65,11.91826,-22.448,6.35
2020-05-09T04:28:15Z,19.58,0.24399,0.00241,5.05,12.23662,-25.437,5.94
2020-05-09T04:47:17Z,19.43,0.28013,0.00145,8.35,12.55472,-28.235,5.39
2020-05-09T05:00:19Z,19.38,0.29334,0.00111,10.56,12.77253,-30.028,5.18
2020-05-09T05:05:20Z,19.36,0.29879,0.00079,11.39,12.85637,-30.689,5.42
2020-05-09T05:10:22Z,19.34,0.30434,0.00059,12.23,12.94049,-31.335,5.13
2020-05-09T05:15:24Z,19.3,0.31577,0.00057,13.05,13.02461,-31.963,5.17
2020-05-09T05:20:25Z,19.26,0.32762,0.00059,13.86,13.10845,-32.571,5.09
2020-05-09T05:25:26Z,19.21,0.34306,0.00096,14.66,13.19229,-33.16,5.16
2020-05-09T05:30:27Z,19.16,0.35922,0.00094,15.46,13.27613,-33.73,5.29
2020-05-09T05:43:29Z,19.09,0.38315,0.0045,17.48,13.49395,-35.116,4.76
2020-05-09T05:51:31Z,19.01,0.41244,0.00374,18.69,13.6282,-35.899,4.46
2020-05-09T05:56:32Z,18.98,0.424,0.00332,19.43,13.71204,-36.358,4.63
2020-05-09T06:01:35Z,18.96,0.43188,0.01048,20.17,13.79644,-36.797,4.45
2020-05-09T06:06:37Z,18.93,0.44398,0.01606,20.89,13.88056,-37.211,4.25
2020-05-09T06:11:38Z,18.91,0.45224,0.0143,21.6,13.9644,-37.599,4.17
2020-05-09T06:22:39Z,18.9,0.45642,0.02806,23.11,14.14851,-38.364,3.93
2020-05-09T06:27:40Z,18.88,0.46491,0.02412,23.78,14.23235,-38.671,3.63
2020-05-09T06:32:41Z,18.79,0.50509,0.01648,24.43,14.31619,-38.952,3.71
2020-05-09T06:37:42Z,18.76,0.51924,0.02055,25.07,14.40003,-39.206,3.53
2020-05-09T06:43:43Z,18.74,0.52889,0.02203,25.82,14.50058,-39.474,3.75
2020-05-09T06:48:44Z,18.82,0.49132,0.02945,26.42,14.58442,-39.668,3.74
2020-05-09T06:53:50Z,18.88,0.46491,0.02965,27.02,14.66966,-39.835,3.8
2020-05-09T06:58:51Z,18.85,0.47793,0.03764,27.6,14.7535,-39.972,3.64
2020-05-09T07:13:54Z,18.72,0.53872,0.14948,29.22,15.00502,-40.21,3.39
2020-05-09T07:18:55Z,18.75,0.52404,0.15001,29.73,15.08886,-40.232,3.32
2020-05-09T07:23:57Z,18.78,0.50976,0.15008,30.22,15.17298,-40.224,3.26
2020-05-09T07:28:58Z,18.81,0.49587,0.14852,30.69,15.25682,-40.187,3.39
2020-05-09T07:33:59Z,18.68,0.55894,0.13549,31.14,15.34066,-40.122,3.26
2020-05-09T07:45:01Z,18.43,0.70366,0.11792,32.06,15.52505,-39.877,2.66
2020-05-09T07:50:03Z,18.42,0.71018,0.09855,32.45,15.60917,-39.719,2.79
2020-05-09T07:58:06Z,18.41,0.71675,0.02965,33.02,15.7437,-39.409,2.77
2020-05-09T08:03:08Z,18.41,0.71675,0.03764,33.35,15.82782,-39.178,2.66
2020-05-09T08:08:10Z,18.38,0.73683,0.04723,33.66,15.91194,-38.921,2.4
2020-05-09T08:13:11Z,18.37,0.74364,0.03441,33.95,15.99578,-38.637,2.67
2020-05-09T08:18:11Z,18.37,0.74364,0.01631,34.21,16.07934,-38.328,2.55
2020-05-09T08:23:13Z,18.38,0.73683,0.01023,34.45,16.16346,-37.991,2.41
2020-05-09T08:28:14Z,18.38,0.73683,0.00917,34.66,16.2473,-37.629,2.4
2020-05-09T08:33:15Z,18.37,0.74364,0.0006,34.85,16.33114,-37.243,2.23
2020-05-09T08:39:17Z,18.38,0.73683,0.00058,35.05,16.43197,-36.746,2.19
2020-05-09T08:49:19Z,18.36,0.75053,0.00047,35.3,16.59965,-35.845,2.01
2020-05-09T08:59:21Z,18.35,0.75747,0.00085,35.46,16.76733,-34.854,2.2
2020-05-09T09:09:23Z,18.4,0.72338,0.00025,35.51,16.93501,-33.779,2.05
2020-05-09T09:15:26Z,18.38,0.73683,0.00141,35.49,17.03612,-33.091,1.94
2020-05-09T09:21:27Z,18.37,0.74364,0.00132,35.44,17.13667,-32.379,1.92
2020-05-09T09:26:29Z,18.38,0.73683,0.00142,35.37,17.22079,-31.763,2.12
2020-05-09T09:34:31Z,18.4,0.72338,0.00144,35.21,17.35505,-30.743,2.01
2020-05-09T09:40:32Z,18.41,0.71675,0.00147,35.04,17.4556,-29.95,1.86
2020-05-09T09:45:35Z,18.42,0.71018,0.00145,34.87,17.53999,-29.266,1.96
2020-05-09T09:50:36Z,18.44,0.69721,0.0013,34.69,17.62383,-28.571,1.97
2020-05-09T09:55:38Z,18.45,0.69082,0.00139,34.47,17.70795,-27.858,1.64
2020-05-09T10:02:41Z,18.47,0.67821,0.00038,34.13,17.82578,-26.834,1.89
2020-05-09T10:20:47Z,18.54,0.63587,0.00018,33.06,18.12827,-24.084,1.98
2020-05-09T10:25:48Z,18.56,0.62426,5e-05,32.71,18.21211,-23.292,2.05
2020-05-09T10:30:50Z,18.57,0.61854,4e-05,32.34,18.29623,-22.486,1.96
2020-05-09T10:35:52Z,18.59,0.60725,0.00011,31.94,18.38034,-21.668,2.02
2020-05-09T10:40:53Z,18.61,0.59616,0.00011,31.53,18.46418,-20.842,2.0
2020-05-09T10:48:57Z,18.65,0.5746,9e-05,30.83,18.599,-19.492,1.92
2020-05-09T10:53:58Z,18.67,0.56411,0.00012,30.36,18.68284,-18.639,1.97
2020-05-09T10:58:59Z,18.69,0.55382,0.0001,29.88,18.76668,-17.777,1.8
2020-05-09T11:12:02Z,18.75,0.52404,0.0001,28.54,18.98477,-15.491,1.63
2020-05-09T11:17:04Z,18.77,0.51448,8e-05,27.99,19.06889,-14.594,1.43
2020-05-09T11:23:07Z,18.77,0.51448,9e-05,27.31,19.17,-13.506,1.45
2020-05-09T11:34:11Z,18.55,0.63004,0.00031,26.0,19.35495,-11.485,1.36
2020-05-09T11:39:13Z,18.24,0.83823,0.01592,25.38,19.43907,-10.555,1.45
2020-05-09T11:47:15Z,17.28,2.02939,0.04475,24.36,19.57332,-9.056,1.23
2020-05-09T11:54:17Z,15.95,6.90821,0.21688,23.44,19.69087,-7.73,1.21
2020-05-09T12:03:19Z,13.64,57.99167,0.48195,22.22,19.84184,-6.01,0.99
2020-05-09T12:08:20Z,12.34,192.02847,0.78107,21.53,19.92568,-5.047,0.94
2020-05-09T12:15:22Z,10.59,962.42218,0.14567,20.53,20.04322,-3.687,0.89
2020-05-10T02:27:56Z,11.56,393.88153,0.07253,-30.13,10.29157,-4.13,15.01
2020-05-10T02:35:59Z,13.52,64.76877,0.12922,-28.54,10.4261,-5.678,14.87
2020-05-10T02:41:00Z,14.82,19.55985,0.17393,-27.55,10.50994,-6.635,15.0
2020-05-10T02:46:01Z,15.95,6.90821,0.30878,-26.56,10.59378,-7.586,14.99
2020-05-10T02:51:02Z,16.71,3.43056,0.34511,-25.58,10.67762,-8.531,14.75
2020-05-10T03:02:05Z,17.75,1.31633,0.03141,-23.41,10.86229,-10.59,13.95
2020-05-10T03:07:06Z,17.88,1.16779,0.01588,-22.44,10.94613,-11.513,13.7
2020-05-10T03:12:07Z,17.92,1.12555,0.01408,-21.46,11.02997,-12.43,13.57
2020-05-10T03:17:09Z,17.86,1.1895,0.01288,-20.48,11.11409,-13.343,13.43
2020-05-10T03:23:10Z,17.77,1.29231,0.02956,-19.32,11.21464,-14.423,13.65
2020-05-10T03:28:12Z,17.75,1.31633,0.03332,-18.34,11.29876,-15.318,13.75
2020-05-10T03:40:14Z,17.68,1.404,0.08173,-16.03,11.49987,-17.422,13.64
2020-05-10T03:51:17Z,17.72,1.35321,0.10838,-13.92,11.68454,-19.308,13.47
2020-05-10T04:03:19Z,17.73,1.34081,0.08413,-11.64,11.88564,-21.307,13.58
2020-05-10T04:08:20Z,17.6,1.51135,0.11354,-10.69,11.96948,-22.122,14.09
2020-05-10T04:14:23Z,17.69,1.39112,0.68087,-9.56,12.07059,-23.09,14.09
2020-05-10T04:22:25Z,17.71,1.36573,0.89984,-8.06,12.20485,-24.348,14.4
2020-05-10T04:29:28Z,17.49,1.6725,0.45788,-6.75,12.32267,-25.426,14.75
2020-05-10T04:34:29Z,17.64,1.45668,0.70345,-5.83,12.40651,-26.177,14.18
2020-05-10T04:40:31Z,17.89,1.15709,0.97166,-4.72,12.50734,-27.062,13.66
2020-05-10T04:46:32Z,18.17,0.89406,0.9084,-3.62,12.60789,-27.924,12.51
2020-05-10T04:59:35Z,19.08,0.38669,0.56583,-1.26,12.82599,-29.718,9.35
2020-05-10T05:04:36Z,19.15,0.36255,0.5521,-0.37,12.90983,-30.379,9.08
2020-05-10T05:09:37Z,18.58,0.61287,0.24968,0.52,12.99367,-31.023,9.82
2020-05-10T05:14:38Z,18.4,0.72338,0.20225,1.41,13.07751,-31.65,11.14
2020-05-10T05:19:39Z,18.24,0.83823,0.20823,2.29,13.16135,-32.258,11.69
2020-05-10T05:28:42Z,18.62,0.5907,0.1349,3.87,13.3126,-33.308,11.71
2020-05-10T05:33:43Z,18.87,0.46921,0.15909,4.73,13.39644,-33.862,11.08
2020-05-10T05:38:45Z,18.64,0.57992,0.31489,5.59,13.48055,-34.398,11.0
2020-05-10T05:49:47Z,18.28,0.80791,0.33639,7.45,13.66495,-35.499,11.37
2020-05-10T05:54:48Z,18.47,0.67821,0.24115,8.29,13.74879,-35.964,10.24
2020-05-10T06:15:52Z,17.9,1.14648,0.3456,11.71,14.10086,-37.661,13.39
2020-05-10T06:20:52Z,17.45,1.73526,0.17895,12.5,14.18442,-38.0,15.2
2020-05-10T06:25:53Z,17.42,1.78388,0.12768,13.29,14.26826,-38.314,15.18
2020-05-10T06:30:55Z,17.3,1.99235,0.10239,14.07,14.35238,-38.604,14.8
2020-05-10T06:35:56Z,17.45,1.73526,0.09796,14.83,14.43622,-38.866,14.16
2020-05-10T06:40:57Z,17.76,1.30426,0.06353,15.59,14.52006,-39.101,13.45
2020-05-10T06:46:58Z,18.08,0.97133,0.05756,16.48,14.62061,-39.346,13.23
2020-05-10T06:56:00Z,18.06,0.98939,0.03466,17.8,14.77158,-39.639,11.39
2020-05-10T07:01:01Z,17.98,1.06504,1.5935,18.51,14.85542,-39.763,10.8
2020-05-10T07:06:02Z,18.09,0.96242,1.02456,19.21,14.93926,-39.858,9.95
2020-05-10T07:11:03Z,18.22,0.85382,1.92468,19.9,15.0231,-39.924,9.74
2020-05-10T07:16:05Z,18.33,0.77155,2.33171,20.58,15.10722,-39.962,9.87
2020-05-10T07:21:07Z,18.23,0.84599,2.23814,21.25,15.19134,-39.971,9.78
2020-05-10T07:26:08Z,18.2,0.86969,1.65463,21.9,15.27518,-39.95,9.78
2020-05-10T07:31:10Z,18.13,0.92761,1.0392,22.54,15.3593,-39.901,9.86
2020-05-10T07:36:11Z,18.17,0.89406,0.72931,23.17,15.44314,-39.823,9.29
2020-05-10T07:41:12Z,18.19,0.87774,0.68195,23.78,15.52698,-39.717,9.18
2020-05-10T07:52:14Z,17.75,1.31633,0.63302,25.07,15.71137,-39.383,10.79
2020-05-10T08:09:16Z,17.29,2.01078,0.54051,26.91,15.99603,-38.604,13.26
2020-05-10T08:14:19Z,17.32,1.95599,0.52953,27.42,16.08043,-38.314,13.34
2020-05-10T08:24:21Z,17.41,1.80039,0.05552,28.38,16.24811,-37.659,12.8
2020-05-10T08:29:22Z,17.44,1.75132,0.14834,28.83,16.33195,-37.294,12.6
2020-05-10T08:34:24Z,17.48,1.68797,0.15147,29.26,16.41607,-36.902,12.8
2020-05-10T08:39:25Z,17.53,1.612,0.11323,29.68,16.49991,-36.488,12.9
2020-05-10T08:44:26Z,17.52,1.62692,0.04415,30.07,16.58375,-36.05,12.64
2020-05-10T08:49:27Z,17.44,1.75132,0.03875,30.44,16.66759,-35.589,12.64
2020-05-10T09:00:30Z,17.35,1.90268,0.06833,31.2,16.85226,-34.497,12.89
2020-05-10T09:07:31Z,17.35,1.90268,0.00609,31.62,16.96953,-33.749,12.9
2020-05-10T09:15:34Z,17.42,1.78388,0.00747,32.05,17.10406,-32.843,12.89
2020-05-10T09:20:35Z,17.46,1.71936,0.0222,32.29,17.1879,-32.253,12.91
2020-05-10T09:26:37Z,17.39,1.83386,0.02374,32.55,17.28873,-31.519,12.74
2020-05-10T09:31:38Z,17.41,1.80039,0.01629,32.74,17.37257,-30.889,12.78
2020-05-10T09:36:39Z,17.47,1.70359,0.01194,32.91,17.45641,-30.241,12.59
2020-05-10T09:43:41Z,17.45,1.73526,0.01193,33.11,17.57395,-29.305,12.48
2020-05-10T09:48:42Z,17.49,1.6725,0.0105,33.22,17.65779,-28.618,12.33
2020-05-10T09:53:43Z,17.48,1.68797,0.00649,33.31,17.74163,-27.916,12.66
2020-05-10T10:03:45Z,17.38,1.85083,0.0065,33.41,17.90931,-26.467,12.17
2020-05-10T10:13:48Z,17.69,1.39112,0.0099,33.42,18.07727,-24.959,10.64
2020-05-10T10:18:49Z,17.7,1.37837,0.03418,33.39,18.16111,-24.187,10.22
2020-05-10T10:23:50Z,17.57,1.55369,0.03445,33.33,18.24495,-23.403,10.5
2020-05-10T10:28:52Z,17.42,1.78388,0.04871,33.25,18.32907,-22.603,11.39
2020-05-10T10:36:54Z,17.24,2.10555,0.08436,33.07,18.46333,-21.303,11.26
2020-05-10T10:41:55Z,17.66,1.4301,0.09017,32.93,18.54717,-20.477,9.62
2020-05-10T10:47:56Z,17.86,1.1895,0.18204,32.73,18.64772,-19.473,7.81
2020-05-10T10:54:57Z,17.85,1.20051,0.26334,32.46,18.76498,-18.283,7.37
2020-05-10T10:59:58Z,17.96,1.08484,0.25999,32.23,18.84882,-17.421,6.66
2020-05-10T11:07:00Z,18.55,0.63004,0.13999,31.88,18.96637,-16.197,6.13
2020-05-10T11:12:01Z,18.72,0.53872,0.14586,31.6,19.05021,-15.314,7.5
2020-05-10T11:17:04Z,18.07,0.98031,0.14464,31.3,19.1346,-14.416,8.46
2020-05-10T11:22:05Z,17.52,1.62692,0.49983,30.98,19.21844,-13.516,10.23
2020-05-10T11:27:06Z,17.44,1.75132,0.63827,30.64,19.30228,-12.608,11.05
2020-05-10T11:34:07Z,17.36,1.88524,0.62684,30.12,19.41955,-11.325,10.92
2020-05-10T11:41:08Z,17.09,2.4175,0.68586,29.57,19.53681,-10.029,11.17
2020-05-10T11:46:09Z,16.73,3.36795,0.80465,29.15,19.62065,-9.094,11.07
2020-05-10T11:51:11Z,16.08,6.12866,0.74072,28.71,19.70477,-8.15,11.05
2020-05-10T11:58:12Z,14.67,22.45772,0.41405,28.07,19.82204,-6.823,10.7
2020-05-10T12:03:14Z,13.46,68.44877,0.93491,27.59,19.90615,-5.864,10.55
2020-05-10T12:09:15Z,11.95,275.02085,0.55051,26.99,20.00671,-4.71,10.16
2020-05-10T12:17:17Z,9.98,1687.97349,0.10372,26.14,20.14096,-3.157,9.17
2020-05-11T02:25:14Z,10.55,998.54036,0.89722,-42.68,10.31216,-3.465,10.76
2020-05-11T02:32:17Z,12.43,176.75252,1.42189,-41.27,10.42998,-4.822,9.08
2020-05-11T02:37:19Z,13.72,53.87231,1.43235,-40.27,10.5141,-5.785,9.17
2020-05-11T02:45:28Z,15.99,6.65833,0.65028,-38.64,10.6503,-7.331,8.9
2020-05-11T02:55:33Z,17.9,1.14648,0.45419,-36.63,10.81882,-9.222,9.44
2020-05-11T03:01:35Z,17.58,1.53945,0.10444,-35.42,10.91965,-10.341,13.5
2020-05-11T03:11:38Z,18.46,0.68449,0.11715,-33.43,11.08761,-12.182,11.32
2020-05-11T03:18:42Z,18.82,0.49132,0.13233,-32.02,11.20571,-13.459,9.25
2020-05-11T03:23:44Z,19.16,0.35922,0.12205,-31.03,11.28983,-14.359,8.41
2020-05-11T03:28:44Z,19.73,0.2125,0.00852,-30.04,11.37339,-15.245,7.65
2020-05-11T03:34:48Z,19.85,0.19027,0.01557,-28.84,11.47478,-16.309,7.26
2020-05-11T03:39:50Z,19.78,0.20294,0.14271,-27.85,11.55889,-17.182,7.17
2020-05-11T03:47:53Z,19.93,0.17675,0.24952,-26.27,11.69343,-18.558,6.89
2020-05-11T03:56:56Z,19.97,0.17036,0.41449,-24.5,11.84468,-20.075,6.96
2020-05-11T04:04:57Z,19.97,0.17036,0.41561,-22.93,11.97865,-21.391,7.0
2020-05-11T04:09:59Z,19.95,0.17353,0.76071,-21.95,12.06277,-22.203,7.01
2020-05-11T04:20:07Z,19.96,0.17194,0.799,-19.99,12.23212,-23.801,6.95
2020-05-11T04:26:08Z,19.91,0.18004,0.87573,-18.83,12.33267,-24.727,7.06
2020-05-11T04:33:10Z,19.73,0.2125,1.14527,-17.47,12.45022,-25.785,7.39
2020-05-11T04:38:11Z,19.11,0.37615,1.28539,-16.51,12.53406,-26.524,9.4
2020-05-11T04:48:13Z,19.45,0.27502,0.74367,-14.6,12.70174,-27.958,8.53
2020-05-11T04:53:14Z,19.77,0.20482,0.71662,-13.64,12.78558,-28.653,7.33
2020-05-11T04:58:15Z,19.84,0.19203,0.91205,-12.69,12.86942,-29.332,7.33
2020-05-11T05:14:19Z,18.73,0.53378,0.21263,-9.68,13.13793,-31.394,10.9
2020-05-11T05:27:21Z,18.98,0.424,0.11613,-7.26,13.35575,-32.933,10.06
2020-05-11T05:34:23Z,19.2,0.34623,0.14214,-5.96,13.47329,-33.709,8.67
2020-05-11T05:39:24Z,19.72,0.21447,0.02944,-5.04,13.55713,-34.238,7.68
2020-05-11T05:45:26Z,19.94,0.17513,0.00191,-3.95,13.65796,-34.847,6.94
2020-05-11T05:53:28Z,19.8,0.19923,0.00111,-2.49,13.79222,-35.608,7.09
2020-05-11T05:58:29Z,19.79,0.20108,0.00417,-1.59,13.87606,-36.054,6.83
2020-05-11T06:03:30Z,19.73,0.2125,0.00453,-0.7,13.9599,-36.477,6.96
2020-05-11T06:08:31Z,19.68,0.22252,0.00239,0.19,14.04374,-36.877,6.99
2020-05-11T06:13:35Z,19.66,0.22666,0.00648,1.08,14.12841,-37.255,7.1
2020-05-11T06:18:36Z,19.62,0.23516,0.03653,1.96,14.21225,-37.605,7.17
2020-05-11T06:25:37Z,19.6,0.23953,0.02339,3.18,14.32952,-38.052,7.01
2020-05-11T06:30:38Z,19.55,0.25082,0.02438,4.04,14.41336,-38.34,6.85
2020-05-11T06:35:40Z,19.52,0.25785,0.02624,4.9,14.49747,-38.603,6.68
2020-05-11T06:40:41Z,19.41,0.28534,0.0389,5.76,14.58131,-38.838,6.68
2020-05-11T06:45:42Z,19.3,0.31577,0.06021,6.6,14.66515,-39.046,6.83
2020-05-11T06:50:43Z,19.22,0.33991,0.23085,7.44,14.74899,-39.226,6.91
2020-05-11T06:57:45Z,19.16,0.35922,0.22011,8.6,14.86654,-39.432,6.86
2020-05-11T07:03:47Z,19.31,0.31287,0.21289,9.58,14.96737,-39.564,6.33
2020-05-11T07:09:48Z,19.28,0.32164,0.2011,10.55,15.06792,-39.655,6.16
2020-05-11T07:14:49Z,19.21,0.34306,0.21736,11.35,15.15176,-39.699,6.05
2020-05-11T07:19:53Z,19.44,0.27757,0.2153,12.15,15.23644,-39.715,5.79
2020-05-11T07:31:56Z,19.43,0.28013,0.20832,14.01,15.43782,-39.635,5.31
2020-05-11T07:42:58Z,19.25,0.33065,0.30892,15.67,15.62221,-39.417,5.09
2020-05-11T07:48:00Z,19.23,0.33679,0.31819,16.41,15.70633,-39.272,5.08
2020-05-11T07:53:01Z,19.16,0.35922,0.31999,17.13,15.79017,-39.1,4.94
2020-05-11T07:58:02Z,19.1,0.37963,0.30569,17.85,15.87401,-38.9,5.07
2020-05-11T08:03:03Z,19.1,0.37963,0.38124,18.55,15.95785,-38.673,4.96
2020-05-11T08:10:05Z,19.3,0.31577,0.03485,19.52,16.07539,-38.309,4.68
2020-05-11T08:15:07Z,19.32,0.31,0.09083,20.19,16.15951,-38.016,4.45
2020-05-11T08:20:07Z,19.03,0.40492,0.04,20.85,16.24307,-37.7,5.01
2020-05-11T08:25:09Z,18.77,0.51448,0.07971,21.5,16.32719,-37.356,5.24
2020-05-11T08:31:11Z,18.96,0.43188,0.13327,22.27,16.42802,-36.911,5.16
2020-05-11T08:46:14Z,18.94,0.43991,0.1384,24.08,16.67954,-35.648,4.48
2020-05-11T08:51:16Z,18.87,0.46921,0.16843,24.66,16.76366,-35.18,4.71
2020-05-11T08:56:17Z,18.49,0.66583,0.16809,25.22,16.8475,-34.691,4.99
2020-05-11T09:01:18Z,18.76,0.51924,0.21097,25.76,16.93134,-34.18,4.69
2020-05-11T09:07:20Z,18.64,0.57992,0.18133,26.39,17.03217,-33.539,4.82
2020-05-11T09:14:23Z,18.37,0.74364,0.18349,27.1,17.14999,-32.752,5.34
2020-05-11T09:22:24Z,18.39,0.73007,0.13123,27.86,17.28397,-31.811,5.37
2020-05-11T09:27:26Z,18.55,0.63004,0.12378,28.31,17.36809,-31.196,5.41
2020-05-11T09:32:28Z,18.37,0.74364,0.13523,28.74,17.45221,-30.563,5.16
2020-05-11T09:39:30Z,18.42,0.71018,0.11203,29.32,17.56975,-29.65,5.47
2020-05-11T09:50:31Z,18.48,0.67199,0.1114,30.14,17.75387,-28.155,5.48
2020-05-11T09:55:33Z,18.5,0.65973,0.09708,30.49,17.83798,-27.447,5.17
2020-05-11T10:03:35Z,18.48,0.67199,0.0469,30.99,17.97224,-26.286,5.51
2020-05-11T10:09:36Z,18.41,0.71675,0.0479,31.33,18.07279,-25.393,5.51
2020-05-11T10:23:38Z,18.0,1.0456,0.02484,32.01,18.30732,-23.238,6.39
2020-05-11T10:34:41Z,18.14,0.91911,0.04976,32.42,18.49199,-21.474,6.04
2020-05-11T10:40:43Z,18.21,0.86172,0.08582,32.59,18.59282,-20.487,5.82
2020-05-11T10:45:44Z,18.39,0.73007,0.10648,32.71,18.67666,-19.655,5.91
2020-05-11T10:50:45Z,18.23,0.84599,0.153,32.81,18.7605,-18.813,6.03
2020-05-11T10:57:46Z,18.23,0.84599,0.1034,32.9,18.87777,-17.619,6.07
2020-05-11T11:02:47Z,18.3,0.79317,0.0975,32.94,18.96161,-16.754,5.67
2020-05-11T11:10:49Z,18.32,0.77869,0.09593,32.96,19.09586,-15.349,5.08
2020-05-11T11:15:51Z,18.46,0.68449,0.09952,32.93,19.17998,-14.458,4.87
2020-05-11T11:21:53Z,18.4,0.72338,0.04323,32.88,19.28081,-13.38,5.16
2020-05-11T11:26:54Z,18.3,0.79317,0.03843,32.8,19.36465,-12.474,5.26
2020-05-11T11:31:56Z,18.15,0.91068,0.04438,32.7,19.44877,-11.558,5.4
2020-05-11T11:36:57Z,17.95,1.09488,0.06546,32.58,19.53261,-10.637,5.38
2020-05-11T11:41:59Z,17.57,1.55369,0.03503,32.43,19.61673,-9.707,5.22
2020-05-11T11:47:00Z,17.07,2.46244,0.0262,32.27,19.70057,-8.772,5.07
2020-05-11T11:55:02Z,15.58,9.71327,0.03308,31.95,19.83483,-7.263,4.23
2020-05-11T12:00:03Z,14.4,28.79822,0.10793,31.72,19.91867,-6.313,3.71
2020-05-11T12:06:06Z,12.8,125.70878,0.14184,31.42,20.01978,-5.159,3.43
2020-05-11T12:11:07Z,11.52,408.66328,0.06807,31.14,20.10362,-4.196,3.65
2020-05-11T12:17:08Z,10.1,1511.35199,0.05491,30.78,20.20417,-3.033,3.66
2020-05-12T02:30:45Z,11.63,369.28836,0.06303,-52.73,10.47007,-4.383,5.98
2020-05-12T02:36:47Z,13.16,90.23305,0.00666,-51.51,10.5709,-5.537,5.8
2020-05-12T02:43:54Z,15.02,16.26918,0.02168,-50.08,10.68983,-6.886,5.67
2020-05-12T02:49:55Z,16.48,4.24,0.05442,-48.87,10.79038,-8.018,5.76
2020-05-12T02:54:56Z,17.46,1.71936,0.09481,-47.86,10.87422,-8.954,5.88
2020-05-12T02:59:56Z,18.29,0.80051,0.18098,-46.85,10.95779,-9.881,5.89
2020-05-12T03:04:57Z,18.97,0.42792,0.1027,-45.84,11.04163,-10.804,5.75
2020-05-12T03:10:58Z,19.53,0.25549,0.03564,-44.63,11.14218,-11.902,5.74
2020-05-12T03:17:00Z,19.84,0.19203,0.00639,-43.41,11.24301,-12.992,5.75
2020-05-12T03:25:02Z,19.99,0.16725,0.00067,-41.8,11.37726,-14.426,5.81
2020-05-12T03:30:03Z,20.03,0.1612,0.00048,-40.79,11.4611,-15.311,5.75
2020-05-12T03:35:05Z,20.05,0.15826,0.00029,-39.78,11.54522,-16.19,5.77
2020-05-12T03:40:06Z,20.06,0.15681,0.00029,-38.77,11.62906,-17.057,5.85
2020-05-12T03:54:07Z,20.07,0.15537,0.0003,-35.96,11.86331,-19.431,5.57
2020-05-12T04:03:09Z,20.08,0.15395,0.00018,-34.15,12.01428,-20.918,5.51
2020-05-12T04:15:11Z,20.08,0.15395,0.00022,-31.75,12.21539,-22.844,5.23
2020-05-12T04:20:13Z,20.08,0.15395,0.00025,-30.75,12.2995,-23.629,5.2
2020-05-12T04:34:16Z,20.07,0.15537,0.00023,-27.96,12.53431,-25.754,5.62
2020-05-12T04:49:19Z,20.09,0.15253,0.00053,-24.98,12.78583,-27.91,5.69
2020-05-12T04:54:20Z,20.08,0.15395,0.00053,-23.99,12.86967,-28.599,5.74
2020-05-12T04:59:22Z,20.09,0.15253,0.00076,-23.0,12.95379,-29.275,5.76
2020-05-12T05:05:23Z,20.1,0.15114,0.00086,-21.82,13.05434,-30.06,5.75
2020-05-12T05:18:26Z,20.11,0.14975,0.00089,-19.28,13.27244,-31.679,5.49
2020-05-12T05:32:29Z,20.12,0.14838,0.00046,-16.55,13.50725,-33.282,5.32
2020-05-12T05:37:30Z,20.12,0.14838,0.00043,-15.58,13.59109,-33.816,5.14
2020-05-12T05:42:32Z,20.14,0.14567,0.00035,-14.62,13.67521,-34.332,5.21
2020-05-12T05:48:33Z,20.17,0.1417,9e-05,-13.46,13.77576,-34.92,5.16
2020-05-12T05:53:34Z,20.17,0.1417,9e-05,-12.51,13.8596,-35.387,5.16
2020-05-12T05:58:38Z,20.16,0.14301,0.00012,-11.54,13.94427,-35.835,5.09
2020-05-12T06:03:40Z,20.17,0.1417,0.00012,-10.59,14.02839,-36.256,4.95
2020-05-12T06:08:41Z,20.17,0.1417,0.00012,-9.64,14.11223,-36.653,4.76
2020-05-12T06:13:43Z,20.17,0.1417,0.0003,-8.69,14.19635,-37.027,4.51
2020-05-12T06:18:44Z,20.17,0.1417,0.00035,-7.75,14.28019,-37.374,4.38
2020-05-12T06:24:46Z,20.17,0.1417,0.00028,-6.62,14.38102,-37.759,4.21
2020-05-12T06:29:47Z,20.18,0.1404,0.00043,-5.69,14.46486,-38.05,4.27
2020-05-12T06:34:48Z,20.18,0.1404,0.00053,-4.77,14.5487,-38.315,4.23
2020-05-12T06:41:51Z,20.17,0.1417,0.00061,-3.47,14.66652,-38.642,4.15
2020-05-12T06:48:52Z,20.18,0.1404,0.00036,-2.19,14.78379,-38.915,3.89
2020-05-12T06:53:54Z,20.18,0.1404,0.00033,-1.27,14.86791,-39.077,3.67
2020-05-12T07:13:56Z,20.13,0.14702,0.0139,2.31,15.20271,-39.442,3.22
2020-05-12T07:18:58Z,20.1,0.15114,0.01181,3.19,15.28683,-39.463,3.09
2020-05-12T07:32:00Z,20.05,0.15826,0.01023,5.46,15.50465,-39.383,2.98
2020-05-12T07:37:01Z,20.04,0.15972,0.00819,6.32,15.58849,-39.301,2.92
2020-05-12T07:42:03Z,20.02,0.16269,0.00043,7.18,15.6726,-39.19,2.97
2020-05-12T07:47:05Z,20.0,0.16572,0.00053,8.03,15.75672,-39.051,2.85
2020-05-12T07:52:06Z,19.99,0.16725,0.00061,8.87,15.84056,-38.884,2.67
2020-05-12T07:57:07Z,19.98,0.1688,0.00036,9.7,15.9244,-38.69,2.51
2020-05-12T08:04:08Z,19.97,0.17036,0.00033,10.85,16.04167,-38.373,2.33
2020-05-12T08:09:09Z,19.95,0.17353,9e-05,11.67,16.12551,-38.115,2.26
2020-05-12T08:17:12Z,19.91,0.18004,0.00011,12.95,16.26004,-37.644,2.21
2020-05-12T08:22:13Z,19.89,0.18339,0.00034,13.74,16.34388,-37.318,2.17
2020-05-12T08:29:14Z,19.85,0.19027,0.00036,14.83,16.46115,-36.819,2.16
2020-05-12T08:34:16Z,19.83,0.19381,0.00021,15.6,16.54526,-36.431,2.19
2020-05-12T08:44:18Z,19.79,0.20108,0.00014,17.11,16.71294,-35.588,2.15
2020-05-12T08:50:19Z,19.76,0.20671,0.00037,17.99,16.8135,-35.038,2.08
2020-05-12T08:55:20Z,19.74,0.21056,0.00029,18.72,16.89734,-34.555,2.05
2020-05-12T09:00:22Z,19.72,0.21447,5e-05,19.43,16.98146,-34.049,1.8
2020-05-12T09:05:23Z,19.7,0.21846,4e-05,20.13,17.0653,-33.523,1.76
2020-05-12T09:14:26Z,19.66,0.22666,4e-05,21.37,17.21654,-32.524,1.31
2020-05-12T09:21:27Z,19.64,0.23087,5e-05,22.29,17.33381,-31.706,1.07
2020-05-12T09:26:29Z,19.62,0.23516,4e-05,22.94,17.41793,-31.097,0.91
2020-05-12T09:34:30Z,19.6,0.23953,4e-05,23.95,17.5519,-30.089,0.94
2020-05-12T09:39:33Z,19.59,0.24175,3e-05,24.56,17.6363,-29.432,0.52
2020-05-12T09:46:35Z,19.57,0.24624,4e-05,25.39,17.75384,-28.49,0.62
2020-05-12T10:13:37Z,19.53,0.25549,4e-05,28.28,18.20563,-24.591,0.45
2020-05-12T10:22:39Z,19.53,0.25549,4e-05,29.13,18.3566,-23.201,0.05
2020-05-12T10:28:40Z,19.52,0.25785,4e-05,29.66,18.45715,-22.252,0.0
2020-05-12T10:34:42Z,19.39,0.29065,6e-05,30.17,18.55798,-21.285,0.46
2020-05-12T10:39:45Z,19.35,0.30155,0.00799,30.57,18.64238,-20.462,0.21
2020-05-12T10:49:47Z,19.34,0.30434,0.00918,31.31,18.81006,-18.796,0.0
2020-05-12T10:59:48Z,19.33,0.30716,0.00874,31.97,18.97746,-17.094,-0.14
2020-05-12T11:04:49Z,19.32,0.31,0.01257,32.26,19.0613,-16.227,-0.15
2020-05-12T11:11:50Z,19.3,0.31577,0.01433,32.64,19.17857,-14.999,-0.13
2020-05-12T11:17:52Z,19.27,0.32461,0.0096,32.92,19.2794,-13.931,-0.17
2020-05-12T11:23:53Z,19.16,0.35922,0.0071,33.18,19.37995,-12.853,-0.36
2020-05-12T11:32:56Z,18.74,0.52889,0.01499,33.49,19.5312,-11.212,-0.16
2020-05-12T11:40:58Z,17.89,1.15709,0.04316,33.71,19.66545,-9.735,-0.46
2020-05-12T11:45:59Z,17.11,2.37337,0.17407,33.81,19.74929,-8.804,-0.68
2020-05-12T11:51:01Z,16.15,5.746,0.21532,33.89,19.83341,-7.863,-0.61
2020-05-12T11:57:02Z,14.63,23.30052,0.16129,33.96,19.93396,-6.73,-0.74
2020-05-12T12:03:04Z,13.07,98.03149,0.18744,33.99,20.03479,-5.586,-0.53
2020-05-12T12:10:05Z,11.3,500.45568,0.06203,33.98,20.15206,-4.244,-0.71
2020-05-13T02:31:35Z,11.44,439.91181,0.07567,-62.45,10.5497,-4.399,10.85
2020-05-13T02:36:36Z,12.81,124.55628,0.03314,-61.46,10.63354,-5.356,9.97
2020-05-13T02:42:37Z,14.34,30.43446,0.06132,-60.28,10.7341,-6.496,8.89
2020-05-13T02:53:39Z,17.07,2.46244,0.09669,-58.09,10.91849,-8.564,7.2
2020-05-13T02:59:40Z,18.1,0.9536,0.09545,-56.9,11.01904,-9.679,7.11
2020-05-13T03:05:42Z,18.92,0.44809,0.06217,-55.69,11.11987,-10.786,7.01
2020-05-13T03:10:43Z,19.39,0.29065,0.02283,-54.69,11.20371,-11.7,7.03
2020-05-13T03:15:44Z,19.68,0.22252,0.00641,-53.68,11.28755,-12.605,7.04
2020-05-13T03:20:45Z,19.83,0.19381,0.00224,-52.67,11.37139,-13.503,7.0
2020-05-13T03:26:49Z,19.92,0.17839,0.0006,-51.45,11.47278,-14.579,7.04
2020-05-13T03:31:49Z,19.95,0.17353,0.00058,-50.44,11.55634,-15.455,7.1
2020-05-13T03:39:52Z,19.97,0.17036,0.00026,-48.82,11.69087,-16.849,7.05
2020-05-13T03:44:53Z,19.98,0.1688,0.00018,-47.8,11.77471,-17.705,7.02
2020-05-13T03:52:57Z,19.98,0.1688,0.00021,-46.17,11.90953,-19.062,7.05
2020-05-13T03:57:59Z,19.97,0.17036,0.0001,-45.15,11.99365,-19.896,7.08
2020-05-13T04:04:00Z,19.97,0.17036,9e-05,-43.94,12.0942,-20.878,6.92
2020-05-13T04:09:01Z,19.98,0.1688,9e-05,-42.92,12.17804,-21.685,6.84
2020-05-13T04:15:04Z,19.98,0.1688,0.00047,-41.69,12.27915,-22.642,6.71
2020-05-13T04:22:05Z,20.0,0.16572,0.00118,-40.27,12.39641,-23.731,6.56
2020-05-13T04:29:07Z,20.0,0.16572,0.00163,-38.85,12.51396,-24.798,6.36
2020-05-13T04:35:13Z,20.01,0.1642,0.00167,-37.62,12.6159,-25.702,6.42
2020-05-13T04:43:17Z,20.02,0.16269,0.00138,-35.98,12.75071,-26.866,6.33
2020-05-13T04:49:19Z,20.03,0.1612,0.00117,-34.77,12.85154,-27.712,6.17
2020-05-13T04:54:20Z,20.03,0.1612,0.00133,-33.75,12.93538,-28.398,6.18
2020-05-13T05:00:21Z,20.04,0.15972,0.00147,-32.54,13.03594,-29.201,6.1
2020-05-13T05:15:31Z,20.0,0.16572,0.00046,-29.49,13.28941,-31.117,5.92
2020-05-13T05:20:33Z,20.04,0.15972,0.00016,-28.48,13.37352,-31.717,5.84
2020-05-13T05:30:35Z,20.05,0.15826,0.0002,-26.46,13.5412,-32.856,5.6
2020-05-13T05:35:36Z,20.06,0.15681,0.00021,-25.46,13.62504,-33.397,5.59
2020-05-13T05:40:37Z,20.06,0.15681,0.00024,-24.46,13.70888,-33.916,5.46
2020-05-13T05:45:38Z,20.07,0.15537,0.00034,-23.46,13.79272,-34.415,5.38
2020-05-13T05:59:41Z,20.09,0.15253,0.00052,-20.67,14.02753,-35.695,5.01
2020-05-13T06:09:43Z,20.1,0.15114,0.00041,-18.68,14.19521,-36.499,4.75
2020-05-13T06:22:45Z,20.11,0.14975,0.0004,-16.12,14.41303,-37.397,4.29
2020-05-13T06:27:47Z,20.1,0.15114,0.00055,-15.13,14.49715,-37.699,4.24
2020-05-13T06:32:49Z,20.12,0.14838,0.00067,-14.15,14.58127,-37.974,4.24
2020-05-13T06:37:50Z,20.12,0.14838,0.00057,-13.17,14.66511,-38.221,4.07
2020-05-13T06:43:51Z,20.11,0.14975,0.00018,-12.0,14.76566,-38.483,4.09
2020-05-13T06:49:55Z,20.13,0.14702,0.00021,-10.83,14.86705,-38.708,4.01
2020-05-13T07:04:58Z,20.17,0.1417,0.00034,-7.93,15.11857,-39.089,3.15
2020-05-13T07:10:59Z,20.18,0.1404,0.00052,-6.78,15.21912,-39.171,2.67
2020-05-13T07:16:00Z,20.19,0.13911,0.00041,-5.83,15.30296,-39.208,2.56
2020-05-13T07:30:03Z,20.21,0.13657,0.0004,-3.18,15.53777,-39.161,1.71
2020-05-13T07:35:05Z,20.21,0.13657,0.00055,-2.24,15.62189,-39.09,1.49
2020-05-13T07:40:06Z,20.2,0.13784,0.00067,-1.31,15.70573,-38.991,1.35
2020-05-13T07:45:06Z,20.19,0.13911,0.00057,-0.38,15.78929,-38.864,1.03
2020-05-13T07:50:07Z,20.18,0.1404,0.00018,0.55,15.87313,-38.71,0.8
2020-05-13T07:55:08Z,20.17,0.1417,0.00021,1.47,15.95697,-38.527,0.68
2020-05-13T08:15:11Z,20.21,0.13657,9e-05,5.09,16.29205,-37.53,-0.19
2020-05-13T08:25:13Z,20.18,0.1404,0.00177,6.87,16.45973,-36.875,0.13
2020-05-13T08:34:15Z,20.17,0.1417,0.00167,8.45,16.6107,-36.2,-0.23
2020-05-13T08:40:16Z,20.16,0.14301,0.0015,9.49,16.71125,-35.708,-0.47
2020-05-13T08:47:18Z,20.15,0.14433,0.00165,10.69,16.82879,-35.09,-0.58
2020-05-13T09:00:19Z,20.1,0.15114,0.00131,12.88,17.04633,-33.831,-0.66
2020-05-13T09:06:21Z,20.08,0.15395,0.00092,13.88,17.14716,-33.2,-0.86
2020-05-13T09:13:23Z,20.04,0.15972,0.00057,15.02,17.2647,-32.426,-1.18
2020-05-13T09:18:24Z,20.02,0.16269,0.00049,15.83,17.34854,-31.851,-1.24
2020-05-13T09:23:25Z,20.0,0.16572,0.0003,16.63,17.43238,-31.257,-1.21
2020-05-13T09:28:26Z,19.98,0.1688,0.00013,17.42,17.51622,-30.645,-1.56
2020-05-13T09:39:29Z,19.95,0.17353,0.0002,19.11,17.7009,-29.236,-1.96
2020-05-13T09:44:30Z,19.94,0.17513,0.00041,19.87,17.78474,-28.569,-2.08
2020-05-13T09:49:32Z,19.92,0.17839,0.00023,20.61,17.86885,-27.884,-2.21
2020-05-13T09:54:33Z,19.91,0.18004,0.0001,21.35,17.95269,-27.186,-2.14
2020-05-13T09:59:34Z,19.89,0.18339,8e-05,22.07,18.03653,-26.473,-2.39
2020-05-13T10:04:43Z,19.88,0.18508,8e-05,22.79,18.1226,-25.726,-2.61
2020-05-13T10:14:48Z,19.85,0.19027,7e-05,24.18,18.29112,-24.222,-2.91
2020-05-13T10:22:49Z,19.82,0.1956,5e-05,25.24,18.4251,-22.988,-2.94
2020-05-13T10:32:52Z,19.78,0.20294,5e-05,26.51,18.59305,-21.399,-2.98
2020-05-13T10:37:53Z,19.77,0.20482,6e-05,27.13,18.67689,-20.588,-3.1
2020-05-13T10:42:54Z,19.76,0.20671,8e-05,27.73,18.76073,-19.766,-3.19
2020-05-13T10:47:57Z,19.76,0.20671,0.00014,28.32,18.84513,-18.928,-3.33
2020-05-13T10:53:58Z,19.74,0.21056,0.00031,28.99,18.94568,-17.917,-3.37
2020-05-13T10:59:59Z,19.73,0.2125,0.00029,29.65,19.04624,-16.891,-3.38
2020-05-13T11:07:01Z,19.72,0.21447,0.0002,30.38,19.16378,-15.676,-3.51
2020-05-13T11:18:04Z,19.52,0.25785,0.00017,31.45,19.34845,-13.731,-3.63
2020-05-13T11:23:05Z,19.4,0.28798,0.00812,31.9,19.43229,-12.835,-3.65
2020-05-13T11:38:07Z,18.26,0.82294,0.00642,33.15,19.68353,-10.105,-4.17
2020-05-13T12:11:16Z,10.85,757.47032,0.0995,35.19,20.23754,-3.871,-3.87
2020-05-14T02:28:01Z,10.55,998.54036,0.18771,-70.56,10.55581,-3.574,4.22
2020-05-14T02:34:03Z,12.03,255.48513,0.04731,-69.58,10.65664,-4.727,4.2
2020-05-14T02:40:04Z,13.58,61.28661,0.03372,-68.57,10.75719,-5.869,4.17
2020-05-14T02:45:06Z,14.91,18.00386,0.088,-67.7,10.84131,-6.817,4.12
2020-05-14T02:50:07Z,16.21,5.43708,0.12804,-66.81,10.92515,-7.757,4.14
2020-05-14T02:58:09Z,17.78,1.28046,0.26536,-65.37,11.0594,-9.247,3.95
2020-05-14T03:08:10Z,19.15,0.36255,0.06251,-63.52,11.22681,-11.082,3.92
2020-05-14T03:13:12Z,19.57,0.24624,0.0224,-62.58,11.31092,-11.992,3.83
2020-05-14T03:19:13Z,19.87,0.1868,0.0048,-61.44,11.41148,-13.071,3.8
2020-05-14T03:24:13Z,19.99,0.16725,0.00153,-60.48,11.49504,-13.959,3.83
2020-05-14T03:32:15Z,20.04,0.15972,0.00108,-58.94,11.62929,-15.367,3.84
2020-05-14T03:37:16Z,20.08,0.15395,0.00032,-57.96,11.71313,-16.236,3.78
2020-05-14T03:42:17Z,20.1,0.15114,0.00026,-56.98,11.79697,-17.095,3.78
2020-05-14T03:55:19Z,20.11,0.14975,0.00022,-54.41,12.01479,-19.282,3.7
2020-05-14T04:00:20Z,20.1,0.15114,8e-05,-53.41,12.09863,-20.106,3.72
2020-05-14T04:05:21Z,20.11,0.14975,8e-05,-52.41,12.18247,-20.919,3.68
2020-05-14T04:12:23Z,20.13,0.14702,4e-05,-51.01,12.30001,-22.04,3.56
2020-05-14T04:17:24Z,20.13,0.14702,4e-05,-50.0,12.38385,-22.825,3.45
2020-05-14T04:26:26Z,20.14,0.14567,6e-05,-48.18,12.53482,-24.208,3.25
2020-05-14T04:33:28Z,20.15,0.14433,7e-05,-46.76,12.65236,-25.255,3.14
2020-05-14T04:38:29Z,20.15,0.14433,6e-05,-45.75,12.7362,-25.986,3.06
2020-05-14T04:43:30Z,20.16,0.14301,7e-05,-44.73,12.82004,-26.703,2.97
2020-05-14T04:48:31Z,20.16,0.14301,7e-05,-43.72,12.90388,-27.405,2.85
2020-05-14T04:56:33Z,20.17,0.1417,6e-05,-42.09,13.03814,-28.497,2.72
2020-05-14T05:01:34Z,20.18,0.1404,6e-05,-41.07,13.12198,-29.159,2.59
2020-05-14T05:06:36Z,20.18,0.1404,6e-05,-40.04,13.2061,-29.806,2.44
2020-05-14T05:11:37Z,20.18,0.1404,6e-05,-39.02,13.28994,-30.433,2.4
2020-05-14T05:16:39Z,20.19,0.13911,8e-05,-38.0,13.37406,-31.046,2.34
2020-05-14T05:21:40Z,20.19,0.13911,8e-05,-36.98,13.4579,-31.637,2.3
2020-05-14T05:26:41Z,20.2,0.13784,9e-05,-35.95,13.54174,-32.21,2.23
2020-05-14T05:31:42Z,20.2,0.13784,9e-05,-34.93,13.62558,-32.764,2.21
2020-05-14T05:36:43Z,20.21,0.13657,9e-05,-33.91,13.70942,-33.298,2.13
2020-05-14T05:49:45Z,20.22,0.13532,8e-05,-31.26,13.92723,-34.587,1.93
2020-05-14T05:55:46Z,20.22,0.13532,7e-05,-30.03,14.02779,-35.132,1.83
2020-05-14T06:00:47Z,20.23,0.13408,6e-05,-29.01,14.11163,-35.562,1.79
2020-05-14T06:05:48Z,20.24,0.13285,5e-05,-27.99,14.19547,-35.969,1.78
2020-05-14T06:10:49Z,20.24,0.13285,6e-05,-26.97,14.27931,-36.352,1.62
2020-05-14T06:15:51Z,20.24,0.13285,6e-05,-25.95,14.36342,-36.712,1.69
2020-05-14T06:20:52Z,20.25,0.13163,4e-05,-24.94,14.44726,-37.046,1.54
2020-05-14T06:26:53Z,20.25,0.13163,0.00024,-23.72,14.54782,-37.413,1.3
2020-05-14T06:37:56Z,20.26,0.13043,0.00027,-21.48,14.73249,-37.99,1.13
2020-05-14T06:43:57Z,20.26,0.13043,0.00032,-20.27,14.83304,-38.25,1.05
2020-05-14T06:48:59Z,20.27,0.12923,0.00041,-19.26,14.91716,-38.437,0.99
2020-05-14T06:54:00Z,20.27,0.12923,0.00057,-18.25,15.001,-38.597,0.7
2020-05-14T06:59:01Z,20.28,0.12805,0.00076,-17.24,15.08484,-38.728,0.58
2020-05-14T07:29:05Z,20.31,0.12456,0.00062,-11.25,15.58732,-38.931,0.13
2020-05-14T07:37:07Z,20.32,0.12341,0.00083,-9.66,15.72158,-38.813,-0.13
2020-05-14T07:42:08Z,20.32,0.12341,0.00324,-8.68,15.80542,-38.703,-0.3
2020-05-14T07:47:10Z,20.33,0.12228,0.00455,-7.69,15.88954,-38.565,-0.46
2020-05-14T07:53:11Z,20.34,0.12116,0.0064,-6.51,15.99009,-38.364,-0.69
2020-05-14T07:59:13Z,20.35,0.12005,0.01161,-5.33,16.09092,-38.122,-1.04
2020-05-14T08:04:13Z,20.36,0.11895,0.01519,-4.36,16.17448,-37.892,-0.87
2020-05-14T08:09:13Z,20.37,0.11786,0.0184,-3.39,16.25804,-37.636,-1.04
2020-05-14T08:14:15Z,20.36,0.11895,0.01851,-2.42,16.34216,-37.353,-1.2
2020-05-14T08:19:17Z,20.35,0.12005,0.00021,-1.46,16.42628,-37.043,-1.36
2020-05-14T08:27:19Z,20.32,0.12341,0.00033,0.08,16.56054,-36.496,-1.36
2020-05-14T08:32:20Z,20.33,0.12228,0.00028,1.03,16.64438,-36.122,-1.55
2020-05-14T08:37:21Z,20.32,0.12341,0.00047,1.98,16.72822,-35.725,-1.68
2020-05-14T08:55:24Z,20.29,0.12687,0.00062,5.36,17.02987,-34.105,-2.19
2020-05-14T09:00:25Z,20.28,0.12805,0.00072,6.29,17.11371,-33.604,-2.22
2020-05-14T09:07:27Z,20.26,0.13043,0.00042,7.58,17.23126,-32.867,-2.23
2020-05-14T09:17:29Z,20.24,0.13285,0.00031,9.41,17.39894,-31.748,-2.32
2020-05-14T09:22:30Z,20.21,0.13657,0.00031,10.31,17.48278,-31.16,-2.36
2020-05-14T09:27:31Z,20.1,0.15114,0.00039,11.2,17.56662,-30.553,-2.44
2020-05-14T09:35:32Z,20.18,0.1404,0.00411,12.62,17.70059,-29.547,-2.78
2020-05-14T09:40:34Z,20.18,0.1404,0.00824,13.5,17.78471,-28.893,-2.85
2020-05-14T09:45:35Z,20.18,0.1404,0.01006,14.38,17.86855,-28.225,-3.06
2020-05-14T09:52:36Z,20.17,0.1417,0.00892,15.58,17.98582,-27.265,-3.22
2020-05-14T09:57:37Z,20.15,0.14433,0.00843,16.43,18.06966,-26.559,-3.31
2020-05-14T10:03:39Z,20.1,0.15114,0.00898,17.45,18.17049,-25.692,-3.48
2020-05-14T10:08:40Z,20.08,0.15395,0.01135,18.28,18.25433,-24.956,-3.55
2020-05-14T10:14:42Z,20.07,0.15537,0.00811,19.27,18.35516,-24.052,-3.77
2020-05-14T10:19:43Z,20.05,0.15826,0.00256,20.09,18.439,-23.287,-4.06
2020-05-14T10:24:44Z,20.07,0.15537,0.00113,20.89,18.52284,-22.509,-4.52
2020-05-14T10:30:45Z,20.07,0.15537,0.00202,21.84,18.62339,-21.56,-4.25
2020-05-14T10:36:47Z,20.0,0.16572,0.00139,22.78,18.72422,-20.592,-4.36
2020-05-14T10:47:49Z,20.0,0.16572,0.00306,24.45,18.90861,-18.78,-4.45
2020-05-14T10:53:51Z,19.92,0.17839,0.003,25.34,19.00944,-17.769,-4.44
2020-05-14T10:58:59Z,19.89,0.18339,0.00317,26.08,19.09523,-16.897,-4.57
2020-05-14T11:03:59Z,19.43,0.28013,0.00273,26.79,19.1788,-16.038,-3.59
2020-05-14T11:09:00Z,19.5,0.26264,0.07069,27.49,19.26264,-15.168,-2.97
2020-05-14T11:14:02Z,19.45,0.27502,0.06631,28.18,19.34675,-14.286,-2.83
2020-05-14T11:19:04Z,19.34,0.30434,0.07976,28.85,19.43087,-13.395,-2.73
2020-05-14T11:24:05Z,19.32,0.31,0.0878,29.51,19.51471,-12.5,-3.76
2020-05-14T11:29:06Z,18.77,0.51448,0.1013,30.15,19.59855,-11.596,-3.34
2020-05-14T11:35:08Z,18.26,0.82294,0.15351,30.89,19.69938,-10.5,-3.79
2020-05-14T11:40:09Z,17.39,1.83386,0.21749,31.5,19.78322,-9.58,-2.55
2020-05-14T11:45:10Z,16.33,4.86817,0.29051,32.08,19.86706,-8.653,-1.41
2020-05-14T11:50:11Z,15.44,11.05009,0.09797,32.65,19.9509,-7.72,-1.74
2020-05-14T11:55:13Z,14.62,23.51612,0.07297,33.2,20.03502,-6.778,-2.89
2020-05-14T12:00:14Z,13.35,75.74703,0.16091,33.73,20.11886,-5.832,-3.47
2020-05-14T12:05:15Z,12.16,226.65517,0.15754,34.24,20.2027,-4.88,-3.99
2020-05-14T12:10:16Z,11.03,641.74962,0.09534,34.73,20.28654,-3.923,-4.33
2020-05-15T02:28:26Z,10.55,998.54036,0.93296,-72.88,10.62848,-3.513,5.48
2020-05-15T02:33:27Z,11.74,333.70723,0.60442,-72.54,10.71232,-4.471,6.12
2020-05-15T02:38:29Z,12.96,108.48398,1.07409,-72.14,10.79644,-5.425,6.23
2020-05-15T02:43:30Z,14.18,35.26676,2.52307,-71.69,10.88028,-6.371,6.1
2020-05-15T02:59:33Z,18.1,0.9536,0.25164,-69.9,11.14851,-9.355,3.79
2020-05-15T03:04:34Z,18.52,0.64769,0.34303,-69.26,11.23235,-10.274,4.23
2020-05-15T03:09:35Z,18.55,0.63004,0.32987,-68.57,11.31619,-11.185,5.01
2020-05-15T03:14:37Z,18.5,0.65973,0.20617,-67.86,11.40031,-12.092,6.07
2020-05-15T03:20:39Z,18.57,0.61854,0.31111,-66.96,11.50114,-13.168,6.9
2020-05-15T03:25:40Z,18.68,0.55894,0.54604,-66.18,11.58498,-14.055,7.09
2020-05-15T03:31:42Z,18.99,0.42011,0.44376,-65.22,11.68581,-15.11,6.39
2020-05-15T03:44:43Z,19.56,0.24852,0.25503,-63.04,11.90335,-17.342,4.49
2020-05-15T03:50:44Z,19.15,0.36255,0.36679,-62.0,12.0039,-18.352,4.62
2020-05-15T03:55:45Z,18.99,0.42011,0.33206,-61.11,12.08774,-19.183,5.05
2020-05-15T04:03:47Z,18.8,0.50046,0.27364,-59.66,12.222,-20.492,5.69
2020-05-15T04:08:48Z,18.67,0.56411,0.33724,-58.74,12.30584,-21.295,5.85
2020-05-15T04:13:50Z,18.91,0.45224,0.44924,-57.81,12.38996,-22.089,5.57
2020-05-15T04:18:51Z,19.16,0.35922,0.43455,-56.87,12.4738,-22.869,5.26
2020-05-15T04:28:54Z,18.75,0.52404,0.36159,-54.96,12.64175,-24.393,5.0
2020-05-15T04:36:56Z,19.47,0.27,0.85212,-53.42,12.77601,-25.574,4.39
2020-05-15T04:51:06Z,19.21,0.34306,0.56587,-50.66,13.01277,-27.566,4.72
2020-05-15T04:56:07Z,19.34,0.30434,0.85098,-49.68,13.09661,-28.243,4.84
2020-05-15T05:03:11Z,19.34,0.30434,0.84752,-48.28,13.21471,-29.169,5.08
2020-05-15T05:08:13Z,18.89,0.46064,0.53428,-47.28,13.29883,-29.809,5.96
2020-05-15T05:13:13Z,18.47,0.67821,0.2928,-46.28,13.38239,-30.427,6.8
2020-05-15T05:18:15Z,18.37,0.74364,0.20078,-45.27,13.46651,-31.031,7.36
2020-05-15T05:25:18Z,18.34,0.76448,0.18226,-43.86,13.58433,-31.846,7.41
2020-05-15T05:36:24Z,19.2,0.34623,0.09529,-41.62,13.76983,-33.052,5.31
2020-05-15T05:42:30Z,19.37,0.29605,0.09401,-40.39,13.87178,-33.672,4.08
2020-05-15T06:02:33Z,19.54,0.25314,0.07668,-36.31,14.20686,-35.486,3.18
2020-05-15T06:08:35Z,19.98,0.1688,0.01669,-35.08,14.30769,-35.96,2.36
2020-05-15T06:13:38Z,20.11,0.14975,0.01319,-34.05,14.39209,-36.331,2.04
2020-05-15T06:24:42Z,20.09,0.15253,0.01318,-31.78,14.57704,-37.055,1.84
2020-05-15T06:29:43Z,20.22,0.13532,0.0043,-30.76,14.66088,-37.343,1.61
2020-05-15T06:34:44Z,20.24,0.13285,0.00517,-29.73,14.74472,-37.605,1.51
2020-05-15T06:52:47Z,20.23,0.13408,0.0028,-26.03,15.04638,-38.326,1.02
2020-05-15T06:58:48Z,20.2,0.13784,0.00228,-24.8,15.14693,-38.489,1.26
2020-05-15T07:03:51Z,20.27,0.12923,0.00066,-23.77,15.23132,-38.594,1.04
2020-05-15T07:08:53Z,20.3,0.12571,0.00057,-22.74,15.31544,-38.671,0.68
2020-05-15T07:14:55Z,20.31,0.12456,0.04218,-21.5,15.41627,-38.726,0.4
2020-05-15T07:22:57Z,20.31,0.12456,0.02545,-19.86,15.55053,-38.736,0.43
2020-05-15T07:37:01Z,20.36,0.11895,0.02534,-16.99,15.78562,-38.58,0.05
2020-05-15T07:46:07Z,20.36,0.11895,0.01307,-15.14,15.9377,-38.363,-0.08
2020-05-15T07:51:08Z,20.35,0.12005,0.0141,-14.12,16.02154,-38.204,-0.37
2020-05-15T07:59:10Z,20.37,0.11786,0.01591,-12.49,16.15579,-37.893,-0.49
2020-05-15T08:04:11Z,20.37,0.11786,0.01533,-11.47,16.23963,-37.664,-0.39
2020-05-15T08:15:13Z,20.37,0.11786,0.00066,-9.25,16.42403,-37.068,-0.6
2020-05-15T08:22:14Z,20.37,0.11786,0.00057,-7.84,16.54129,-36.624,-0.6
2020-05-15T08:34:22Z,20.37,0.11786,0.00053,-5.4,16.74407,-35.743,-0.52
2020-05-15T08:40:24Z,20.37,0.11786,0.00051,-4.2,16.8449,-35.253,-0.7
2020-05-15T08:45:25Z,20.37,0.11786,0.0002,-3.2,16.92874,-34.82,-0.73
2020-05-15T08:50:26Z,20.37,0.11786,0.00016,-2.21,17.01258,-34.364,-0.85
2020-05-15T08:56:27Z,20.36,0.11895,0.00013,-1.02,17.11313,-33.789,-0.87
2020-05-15T09:01:28Z,20.36,0.11895,4e-05,-0.03,17.19697,-33.286,-0.79
2020-05-15T09:06:30Z,20.35,0.12005,4e-05,0.96,17.28109,-32.76,-0.9
2020-05-15T09:11:31Z,20.34,0.12116,4e-05,1.95,17.36493,-32.216,-0.82
2020-05-15T09:16:32Z,20.33,0.12228,4e-05,2.92,17.44877,-31.652,-0.79
2020-05-15T09:21:34Z,20.32,0.12341,2e-05,3.9,17.53289,-31.068,-1.1
2020-05-15T09:26:35Z,20.31,0.12456,3e-05,4.88,17.61673,-30.467,-1.17
2020-05-15T09:32:36Z,20.3,0.12571,3e-05,6.04,17.71728,-29.723,-1.17
2020-05-15T09:37:37Z,20.29,0.12687,4e-05,7.0,17.80112,-29.083,-1.22
2020-05-15T09:42:39Z,20.29,0.12687,4e-05,7.96,17.88524,-28.425,-1.19
2020-05-15T09:47:41Z,20.28,0.12805,3e-05,8.92,17.96936,-27.75,-1.2
2020-05-15T09:53:43Z,20.27,0.12923,2e-05,10.06,18.07019,-26.921,-1.28
2020-05-15T10:02:48Z,20.26,0.13043,3e-05,11.76,18.22199,-25.631,-1.34
2020-05-15T10:07:49Z,20.25,0.13163,3e-05,12.69,18.30583,-24.899,-1.38
2020-05-15T10:13:50Z,20.25,0.13163,4e-05,13.8,18.40638,-24.004,-1.39
2020-05-15T10:18:51Z,20.23,0.13408,5e-05,14.72,18.49022,-23.243,-1.42
2020-05-15T10:23:52Z,20.22,0.13532,0.00011,15.63,18.57406,-22.469,-1.42
2020-05-15T10:28:53Z,20.21,0.13657,0.00011,16.54,18.6579,-21.683,-1.48
2020-05-15T10:34:55Z,20.2,0.13784,0.00011,17.62,18.75873,-20.722,-1.79
2020-05-15T10:39:56Z,20.19,0.13911,0.0001,18.51,18.84257,-19.911,-1.75
2020-05-15T11:02:01Z,20.12,0.14838,0.0001,22.34,19.21164,-16.218,-1.75
2020-05-15T11:07:02Z,20.09,0.15253,0.00011,23.19,19.29548,-15.353,-1.68
2020-05-15T11:12:03Z,20.04,0.15972,0.00018,24.02,19.37932,-14.479,-1.77
2020-05-15T11:17:05Z,19.95,0.17353,0.00073,24.85,19.46344,-13.593,-1.87
2020-05-15T11:22:07Z,19.79,0.20108,0.00269,25.67,19.54755,-12.7,-2.22
2020-05-15T11:27:08Z,19.5,0.26264,0.00894,26.47,19.63139,-11.801,-2.08
2020-05-15T11:32:08Z,19.04,0.4012,0.02673,27.27,19.71496,-10.898,-2.31
2020-05-15T11:37:09Z,18.43,0.70366,0.0685,28.05,19.7988,-9.984,-2.32
2020-05-15T11:48:13Z,16.42,4.4809,0.14263,29.73,19.98375,-7.944,-2.38
2020-05-15T11:54:14Z,14.92,17.8388,0.07107,30.62,20.0843,-6.821,-2.57
2020-05-15T12:00:15Z,13.35,75.74703,0.04178,31.48,20.18485,-5.69,-2.45
2020-05-15T12:05:17Z,12.14,230.869,0.01285,32.19,20.26897,-4.736,-2.76
2020-05-15T12:10:19Z,10.96,684.48766,0.06814,32.89,20.35309,-3.777,-2.7
2020-05-16T02:27:25Z,10.12,1483.76671,0.26335,-68.83,10.6772,-3.179,5.05
2020-05-16T02:33:29Z,11.52,408.66328,0.08086,-69.1,10.77859,-4.336,4.82
2020-05-16T02:39:39Z,13.09,96.24222,0.01084,-69.29,10.88164,-5.503,4.68
2020-05-16T02:44:40Z,14.42,28.27259,0.08221,-69.37,10.96548,-6.446,4.56
2020-05-16T02:49:42Z,15.73,8.45991,0.18275,-69.4,11.0496,-7.386,4.39
2020-05-16T02:59:45Z,17.78,1.28046,0.19608,-69.29,11.21756,-9.243,4.17
2020-05-16T03:06:47Z,18.83,0.48682,0.13528,-69.06,11.3351,-10.526,4.01
2020-05-16T03:11:49Z,19.37,0.29605,0.07709,-68.84,11.41922,-11.435,3.87
2020-05-16T03:18:50Z,19.82,0.1956,0.01198,-68.43,11.53649,-12.69,3.73
2020-05-16T03:24:52Z,19.99,0.16725,0.0022,-67.99,11.63732,-13.756,3.66
2020-05-16T03:29:53Z,20.06,0.15681,0.00066,-67.58,11.72116,-14.634,3.55
2020-05-16T03:37:56Z,20.11,0.14975,0.00629,-66.82,11.85569,-16.024,3.33
2020-05-16T03:44:58Z,20.13,0.14702,0.00833,-66.07,11.97324,-17.219,3.14
2020-05-16T03:53:59Z,20.15,0.14433,0.00947,-65.0,12.12393,-18.723,3.18
2020-05-16T04:06:02Z,20.16,0.14301,0.00979,-63.41,12.32531,-20.681,2.97
2020-05-16T04:20:04Z,20.18,0.1404,0.00852,-61.35,12.55984,-22.878,2.65
2020-05-16T04:25:05Z,20.2,0.13784,0.00834,-60.57,12.64368,-23.64,2.7
2020-05-16T04:30:07Z,20.2,0.13784,0.01092,-59.77,12.7278,-24.392,2.48
2020-05-16T04:35:09Z,20.21,0.13657,0.00974,-58.95,12.81191,-25.13,2.55
2020-05-16T04:40:10Z,20.1,0.15114,0.00477,-58.12,12.89575,-25.852,2.5
2020-05-16T04:46:12Z,20.2,0.13784,0.00166,-57.09,12.99659,-26.701,2.45
2020-05-16T04:52:14Z,20.21,0.13657,0.00152,-56.05,13.09742,-27.529,2.16
2020-05-16T04:57:16Z,20.22,0.13532,0.00139,-55.16,13.18154,-28.202,2.04
2020-05-16T05:02:18Z,20.23,0.13408,0.00147,-54.26,13.26565,-28.859,2.0
2020-05-16T05:07:20Z,20.23,0.13408,0.00136,-53.35,13.34977,-29.5,2.04
2020-05-16T05:14:22Z,20.19,0.13911,0.00073,-52.06,13.46732,-30.366,2.1
2020-05-16T05:19:23Z,20.23,0.13408,6e-05,-51.13,13.55116,-30.962,1.95
2020-05-16T05:24:24Z,20.24,0.13285,0.00017,-50.19,13.635,-31.539,1.8
2020-05-16T05:30:25Z,20.24,0.13285,0.00014,-49.06,13.73555,-32.207,1.84
2020-05-16T05:35:27Z,20.24,0.13285,0.00017,-48.1,13.81967,-32.743,1.77
2020-05-16T05:41:29Z,20.25,0.13163,0.00024,-46.94,13.9205,-33.36,1.63
2020-05-16T05:47:31Z,20.25,0.13163,0.00024,-45.77,14.02133,-33.946,1.63
2020-05-16T06:01:32Z,20.26,0.13043,0.00019,-43.03,14.25558,-35.185,1.72
2020-05-16T06:06:34Z,20.27,0.12923,0.00014,-42.04,14.3397,-35.586,1.67
2020-05-16T06:11:36Z,20.27,0.12923,0.00014,-41.04,14.42382,-35.964,1.7
2020-05-16T06:16:38Z,20.26,0.13043,7e-05,-40.04,14.50793,-36.317,1.5
2020-05-16T06:21:38Z,20.26,0.13043,0.00011,-39.04,14.5915,-36.643,1.16
2020-05-16T06:27:40Z,20.27,0.12923,0.00015,-37.83,14.69233,-37.003,1.45
2020-05-16T06:39:43Z,20.28,0.12805,0.00031,-35.4,14.89371,-37.611,1.13
2020-05-16T06:44:44Z,20.28,0.12805,0.00184,-34.39,14.97755,-37.819,1.2
2020-05-16T06:49:45Z,20.28,0.12805,0.0018,-33.37,15.06139,-38.001,1.21
2020-05-16T06:54:46Z,20.29,0.12687,0.00166,-32.35,15.14523,-38.155,1.14
2020-05-16T07:00:48Z,20.3,0.12571,0.00151,-31.12,15.24606,-38.304,0.95
2020-05-16T07:16:50Z,20.32,0.12341,0.00108,-27.84,15.51401,-38.504,0.96
2020-05-16T07:23:52Z,20.32,0.12341,0.00107,-26.4,15.63156,-38.502,0.78
2020-05-16T07:28:53Z,20.32,0.12341,0.00011,-25.37,15.7154,-38.467,0.75
2020-05-16T07:34:54Z,20.35,0.12005,0.00015,-24.14,15.81595,-38.388,0.7
2020-05-16T07:44:56Z,20.36,0.11895,0.00031,-22.08,15.98363,-38.168,0.7
2020-05-16T07:49:57Z,20.36,0.11895,0.00031,-21.04,16.06747,-38.016,0.68
2020-05-16T07:54:58Z,20.36,0.11895,0.00034,-20.01,16.15131,-37.838,0.67
2020-05-16T07:59:59Z,20.36,0.11895,0.00039,-18.98,16.23515,-37.632,0.61
2020-05-16T08:05:01Z,20.37,0.11786,0.00047,-17.94,16.31927,-37.399,0.58
2020-05-16T08:15:03Z,20.36,0.11895,0.00041,-15.88,16.48695,-36.856,0.66
2020-05-16T08:20:04Z,20.36,0.11895,0.00025,-14.84,16.57079,-36.546,0.53
2020-05-16T08:25:05Z,20.36,0.11895,0.00026,-13.81,16.65463,-36.211,0.77
2020-05-16T08:31:07Z,20.37,0.11786,7e-05,-12.57,16.75546,-35.776,0.58
2020-05-16T08:36:08Z,20.37,0.11786,0.00013,-11.54,16.8393,-35.388,0.56
2020-05-16T08:43:10Z,20.37,0.11786,0.00013,-10.1,16.95684,-34.804,0.52
2020-05-16T08:56:13Z,20.37,0.11786,0.00013,-7.42,17.17494,-33.604,0.41
2020-05-16T09:04:13Z,20.37,0.11786,0.00015,-5.79,17.30864,-32.797,0.03
2020-05-16T09:09:14Z,20.37,0.11786,0.00014,-4.77,17.39248,-32.264,0.18
2020-05-16T09:14:15Z,20.37,0.11786,4e-05,-3.74,17.47632,-31.711,0.18
2020-05-16T09:19:16Z,20.37,0.11786,3e-05,-2.72,17.56016,-31.14,0.22
2020-05-16T09:24:17Z,20.37,0.11786,4e-05,-1.71,17.644,-30.549,0.11
2020-05-16T09:29:19Z,20.36,0.11895,1e-05,-0.69,17.72812,-29.938,0.01
2020-05-16T09:36:21Z,20.35,0.12005,4e-05,0.74,17.84566,-29.056,-0.36
2020-05-16T09:49:22Z,20.33,0.12228,7e-05,3.35,18.0632,-27.336,-0.64
2020-05-16T09:57:24Z,20.32,0.12341,4e-05,4.96,18.19745,-26.222,-1.11
2020-05-16T10:12:32Z,20.3,0.12571,6e-05,7.97,18.45037,-24.024,-0.86
2020-05-16T10:24:34Z,20.28,0.12805,0.00011,10.34,18.65147,-22.19,-0.98
2020-05-16T10:33:35Z,20.27,0.12923,8e-05,12.1,18.80216,-20.77,-1.0
2020-05-16T10:43:37Z,20.26,0.13043,3e-05,14.04,18.96984,-19.147,-1.24
2020-05-16T10:48:38Z,20.25,0.13163,1e-05,15.01,19.05368,-18.32,-1.44
2020-05-16T10:53:39Z,20.23,0.13408,2e-05,15.97,19.13752,-17.482,-1.22
2020-05-16T10:59:41Z,20.22,0.13532,0.00013,17.11,19.23835,-16.462,-1.28
2020-05-16T11:08:45Z,20.16,0.14301,0.00013,18.82,19.38988,-14.903,-1.59
2020-05-16T11:17:58Z,19.99,0.16725,0.00078,20.54,19.54391,-13.289,-1.72
2020-05-16T11:22:59Z,19.76,0.20671,0.00589,21.46,19.62775,-12.399,-2.12
2020-05-16T11:31:01Z,19.08,0.38669,0.01813,22.93,19.762,-10.957,-1.86
2020-05-16T11:36:02Z,18.44,0.69721,0.10639,23.84,19.84584,-10.046,-2.0
2020-05-16T11:41:03Z,17.64,1.45668,0.12272,24.73,19.92968,-9.129,-1.97
2020-05-16T11:46:05Z,16.7,3.46231,0.1321,25.63,20.0138,-8.202,-1.98
2020-05-16T11:51:06Z,15.51,10.36014,0.10448,26.51,20.09764,-7.27,-1.95
2020-05-16T12:00:09Z,13.12,93.61935,0.07493,28.08,20.24889,-5.575,-1.96
2020-05-17T02:29:26Z,10.66,902.33047,0.22007,-61.33,10.77661,-3.426,7.59
2020-05-17T02:38:29Z,12.84,121.16177,0.02803,-62.24,10.92786,-5.142,7.26
2020-05-17T02:43:31Z,14.1,37.96345,0.03638,-62.7,11.01197,-6.088,7.12
2020-05-17T02:48:32Z,15.44,11.05009,0.05871,-63.11,11.09581,-7.025,7.0
2020-05-17T02:53:35Z,16.68,3.52668,0.0782,-63.49,11.18021,-7.961,6.92
2020-05-17T02:58:36Z,17.64,1.45668,0.15471,-63.82,11.26405,-8.885,6.77
2020-05-17T03:04:37Z,18.55,0.63004,0.10628,-64.16,11.3646,-9.983,6.79
2020-05-17T03:09:39Z,19.15,0.36255,0.06305,-64.39,11.44872,-10.894,6.61
2020-05-17T03:15:41Z,19.64,0.23087,0.02034,-64.61,11.54955,-11.976,6.46
2020-05-17T03:21:42Z,19.91,0.18004,0.00627,-64.75,11.6501,-13.044,6.28
2020-05-17T03:32:43Z,20.07,0.15537,0.00153,-64.84,11.83422,-14.967,6.21
2020-05-17T03:37:43Z,20.09,0.15253,0.00139,-64.8,11.91778,-15.827,6.05
2020-05-17T03:42:45Z,20.1,0.15114,0.0014,-64.71,12.0019,-16.682,6.02
2020-05-17T03:50:46Z,20.1,0.15114,0.00123,-64.46,12.13588,-18.025,5.75
2020-05-17T03:55:48Z,20.07,0.15537,0.00111,-64.24,12.21999,-18.855,5.58
2020-05-17T04:00:50Z,20.12,0.14838,4e-05,-63.98,12.30411,-19.675,5.42
2020-05-17T04:05:51Z,20.12,0.14838,0.0001,-63.67,12.38795,-20.481,5.26
2020-05-17T04:10:52Z,20.12,0.14838,0.0001,-63.32,12.47179,-21.275,5.14
2020-05-17T04:17:55Z,20.12,0.14838,0.0001,-62.75,12.58961,-22.372,4.95
2020-05-17T04:25:57Z,20.13,0.14702,0.0002,-62.02,12.72387,-23.592,4.88
2020-05-17T04:57:00Z,20.16,0.14301,0.00014,-58.36,13.24279,-27.976,4.25
2020-05-17T05:02:01Z,20.16,0.14301,0.00011,-57.67,13.32663,-28.63,3.96
2020-05-17T05:07:02Z,20.17,0.1417,0.00019,-56.95,13.41047,-29.268,3.84
2020-05-17T05:14:04Z,20.18,0.1404,0.0002,-55.91,13.52801,-30.132,3.65
2020-05-17T05:23:06Z,20.18,0.1404,0.00026,-54.52,13.67898,-31.191,3.63
2020-05-17T05:31:08Z,20.2,0.13784,4e-05,-53.24,13.81323,-32.081,3.63
2020-05-17T05:36:11Z,20.2,0.13784,6e-05,-52.41,13.89763,-32.615,3.5
2020-05-17T05:50:13Z,20.2,0.13784,6e-05,-50.03,14.13216,-33.988,3.19
2020-05-17T05:57:14Z,20.2,0.13784,0.00015,-48.8,14.24942,-34.611,3.12
2020-05-17T06:02:15Z,20.2,0.13784,0.00018,-47.91,14.33326,-35.029,3.16
2020-05-17T06:09:17Z,20.21,0.13657,0.00028,-46.64,14.45081,-35.577,3.04
2020-05-17T06:14:18Z,20.21,0.13657,0.00027,-45.72,14.53465,-35.939,2.96
2020-05-17T06:19:19Z,20.22,0.13532,0.00029,-44.8,14.61849,-36.277,2.82
2020-05-17T06:24:20Z,20.23,0.13408,0.00024,-43.87,14.70233,-36.589,2.59
2020-05-17T06:35:23Z,20.24,0.13285,0.00029,-41.79,14.887,-37.188,2.54
2020-05-17T06:56:25Z,20.29,0.12687,0.00033,-37.74,15.23851,-37.975,2.0
2020-05-17T07:20:30Z,20.33,0.12228,0.00019,-32.99,15.641,-38.285,1.93
2020-05-17T07:29:34Z,20.34,0.12116,0.00026,-31.18,15.79253,-38.236,1.88
2020-05-17T07:36:40Z,20.34,0.12116,0.00018,-29.76,15.91118,-38.134,1.87
2020-05-17T07:41:40Z,20.34,0.12116,0.00028,-28.75,15.99475,-38.029,1.82
2020-05-17T07:46:42Z,20.34,0.12116,0.00027,-27.73,16.07886,-37.895,1.81
2020-05-17T07:51:43Z,20.34,0.12116,0.00029,-26.72,16.1627,-37.735,1.82
2020-05-17T07:56:43Z,20.36,0.11895,0.00024,-25.7,16.24627,-37.549,1.7
2020-05-17T08:02:44Z,20.36,0.11895,0.00029,-24.48,16.34682,-37.289,1.58
2020-05-17T08:07:45Z,20.36,0.11895,0.00033,-23.45,16.43066,-37.044,1.62
2020-05-17T08:19:46Z,20.36,0.11895,0.00019,-20.99,16.63148,-36.351,1.59
2020-05-17T08:24:48Z,20.36,0.11895,0.00026,-19.96,16.7156,-36.018,1.49
2020-05-17T08:32:50Z,20.36,0.11895,0.00021,-18.31,16.84986,-35.436,1.37
2020-05-17T08:45:52Z,20.35,0.12005,0.00016,-15.63,17.06767,-34.363,1.41
2020-05-17T08:51:53Z,20.35,0.12005,0.00013,-14.38,17.16823,-33.816,1.42
2020-05-17T08:56:54Z,20.35,0.12005,0.00016,-13.35,17.25207,-33.336,1.42
2020-05-17T09:07:56Z,20.35,0.12005,2e-05,-11.07,17.43646,-32.207,1.09
2020-05-17T09:13:58Z,20.35,0.12005,4e-05,-9.82,17.53729,-31.549,0.98
2020-05-17T09:18:59Z,20.34,0.12116,5e-05,-8.79,17.62113,-30.98,0.93
2020-05-17T09:24:01Z,20.34,0.12116,7e-05,-7.75,17.70525,-30.391,0.84
2020-05-17T09:29:02Z,20.34,0.12116,7e-05,-6.71,17.78909,-29.785,0.73
2020-05-17T09:35:04Z,20.34,0.12116,7e-05,-5.46,17.88992,-29.034,0.43
2020-05-17T09:40:05Z,20.33,0.12228,5e-05,-4.43,17.97376,-28.39,0.15
2020-05-17T09:45:06Z,20.33,0.12228,6e-05,-3.39,18.0576,-27.73,0.01
2020-05-17T09:50:07Z,20.33,0.12228,6e-05,-2.36,18.14144,-27.055,-0.11
2020-05-17T10:07:09Z,20.31,0.12456,6e-05,1.15,18.42611,-24.649,0.22
2020-05-17T10:12:11Z,20.3,0.12571,8e-05,2.19,18.51022,-23.907,0.09
2020-05-17T10:17:13Z,20.3,0.12571,4e-05,3.22,18.59434,-23.152,-0.01
2020-05-17T10:22:14Z,20.29,0.12687,6e-05,4.25,18.67818,-22.387,-0.39
2020-05-17T10:28:15Z,20.28,0.12805,6e-05,5.48,18.77874,-21.452,-0.23
2020-05-17T10:33:16Z,20.27,0.12923,6e-05,6.5,18.86258,-20.66,-0.32
2020-05-17T10:38:19Z,20.27,0.12923,4e-05,7.53,18.94697,-19.852,-0.19
2020-05-17T10:43:20Z,20.26,0.13043,6e-05,8.55,19.03081,-19.037,-0.19
2020-05-17T10:56:22Z,20.24,0.13285,5e-05,11.19,19.24863,-16.873,-0.54
2020-05-17T11:01:23Z,20.22,0.13532,5e-05,12.2,19.33247,-16.022,-0.47
2020-05-17T11:06:24Z,20.18,0.1404,0.0001,13.2,19.41631,-15.162,-0.53
2020-05-17T11:16:27Z,20.02,0.16269,0.00057,15.21,19.58427,-13.413,-0.34
2020-05-17T11:38:30Z,17.88,1.16779,0.00425,19.57,19.95277,-9.46,-0.38
2020-05-17T11:44:32Z,16.76,3.27616,0.24062,20.75,20.05361,-8.354,-0.59
2020-05-17T11:51:33Z,15.09,15.25336,0.29254,22.11,20.17087,-7.055,-0.6
2020-05-17T11:56:35Z,13.78,50.97598,0.51332,23.08,20.25499,-6.115,-0.88
2020-05-17T12:11:37Z,10.14,1456.68491,0.56476,25.94,20.50623,-3.273,-0.97
2020-05-18T02:29:45Z,10.33,1222.8287,0.20099,-52.29,10.84761,-3.35,7.13
2020-05-18T02:35:46Z,11.77,324.61279,0.37047,-53.1,10.94816,-4.49,6.9
2020-05-18T02:59:51Z,17.46,1.71936,0.14556,-55.98,11.35065,-8.968,6.11
2020-05-18T03:04:52Z,18.25,0.83055,0.1498,-56.5,11.43449,-9.881,5.97
2020-05-18T03:22:56Z,19.91,0.18004,0.00416,-58.12,11.73642,-13.108,5.61
2020-05-18T03:30:58Z,20.08,0.15395,0.0002,-58.69,11.87068,-14.509,5.4
2020-05-18T03:36:59Z,20.12,0.14838,0.00031,-59.06,11.97123,-15.543,5.4
2020-05-18T03:42:01Z,20.14,0.14567,0.00061,-59.32,12.05535,-16.399,5.29
2020-05-18T03:48:02Z,20.15,0.14433,0.00051,-59.59,12.1559,-17.408,4.99
2020-05-18T03:53:04Z,20.15,0.14433,0.00059,-59.76,12.24002,-18.242,4.94
2020-05-18T03:58:05Z,20.16,0.14301,0.00053,-59.9,12.32386,-19.063,4.94
2020-05-18T04:03:06Z,20.16,0.14301,0.00053,-59.99,12.4077,-19.873,4.95
2020-05-18T04:08:08Z,20.16,0.14301,0.00048,-60.04,12.49182,-20.675,4.49
2020-05-18T04:14:09Z,20.14,0.14567,0.00027,-60.04,12.59237,-21.618,4.54
2020-05-18T04:22:11Z,20.15,0.14433,0.00024,-59.95,12.72663,-22.85,4.22
2020-05-18T04:31:14Z,20.17,0.1417,0.00015,-59.71,12.87787,-24.199,3.96
2020-05-18T04:47:17Z,20.18,0.1404,0.00016,-58.97,13.14611,-26.481,3.63
2020-05-18T04:52:18Z,20.17,0.1417,5e-05,-58.65,13.22995,-27.164,3.54
2020-05-18T04:57:19Z,20.18,0.1404,4e-05,-58.3,13.31379,-27.831,3.38
2020-05-18T05:05:21Z,20.19,0.13911,5e-05,-57.66,13.44804,-28.865,3.18
2020-05-18T05:10:22Z,20.2,0.13784,5e-05,-57.22,13.53188,-29.489,3.17
2020-05-18T05:15:25Z,20.2,0.13784,6e-05,-56.74,13.61628,-30.1,3.17
2020-05-18T05:20:27Z,20.21,0.13657,7e-05,-56.23,13.7004,-30.69,3.17
2020-05-18T05:25:28Z,20.21,0.13657,6e-05,-55.69,13.78424,-31.26,3.09
2020-05-18T05:37:29Z,20.22,0.13532,0.00011,-54.29,13.98506,-32.547,2.46
2020-05-18T05:43:32Z,20.23,0.13408,0.00011,-53.52,14.08617,-33.151,2.45
2020-05-18T05:48:33Z,20.23,0.13408,0.00012,-52.87,14.17001,-33.628,2.31
2020-05-18T05:53:34Z,20.24,0.13285,0.00038,-52.19,14.25385,-34.084,2.22
2020-05-18T05:58:35Z,20.25,0.13163,0.00034,-51.48,14.33769,-34.517,1.93
2020-05-18T06:03:36Z,20.26,0.13043,0.0003,-50.76,14.42153,-34.928,1.81
2020-05-18T06:08:38Z,20.26,0.13043,0.0004,-50.02,14.50565,-35.317,1.79
2020-05-18T06:13:39Z,20.27,0.12923,0.00057,-49.26,14.58949,-35.681,1.69
2020-05-18T06:22:40Z,20.3,0.12571,0.00022,-47.85,14.74018,-36.274,1.51
2020-05-18T06:28:41Z,20.31,0.12456,0.00021,-46.89,14.84073,-36.624,1.35
2020-05-18T06:34:43Z,20.32,0.12341,0.0002,-45.9,14.94156,-36.939,1.35
2020-05-18T06:50:44Z,20.32,0.12341,9e-05,-43.18,15.20924,-37.59,1.19
2020-05-18T06:55:45Z,20.32,0.12341,6e-05,-42.31,15.29308,-37.738,1.09
2020-05-18T07:00:46Z,20.33,0.12228,9e-05,-41.42,15.37692,-37.859,0.88
2020-05-18T07:05:47Z,20.34,0.12116,7e-05,-40.53,15.46076,-37.952,0.8
2020-05-18T07:11:49Z,20.35,0.12005,0.00201,-39.44,15.56159,-38.027,0.75
2020-05-18T07:17:51Z,20.35,0.12005,0.0016,-38.34,15.66242,-38.063,0.61
2020-05-18T07:22:52Z,20.35,0.12005,0.00092,-37.41,15.74626,-38.062,0.47
2020-05-18T07:27:53Z,20.36,0.11895,0.00093,-36.48,15.8301,-38.033,0.33
2020-05-18T07:32:54Z,20.36,0.11895,0.0002,-35.54,15.91394,-37.976,0.33
2020-05-18T07:41:57Z,20.36,0.11895,9e-05,-33.83,16.06519,-37.805,0.15
2020-05-18T07:50:58Z,20.37,0.11786,6e-05,-32.1,16.21588,-37.545,0.05
2020-05-18T08:03:00Z,20.38,0.11678,9e-05,-29.77,16.41698,-37.064,0.11
2020-05-18T08:14:03Z,20.37,0.11786,7e-05,-27.6,16.60165,-36.488,-0.15
2020-05-18T08:28:05Z,20.38,0.11678,0.00014,-24.82,16.83618,-35.582,-0.24
2020-05-18T08:33:07Z,20.38,0.11678,0.00013,-23.82,16.9203,-35.21,-0.38
2020-05-18T08:39:08Z,20.38,0.11678,0.00013,-22.61,17.02085,-34.734,-0.44
2020-05-18T08:45:10Z,20.38,0.11678,0.00012,-21.4,17.12168,-34.224,-0.57
2020-05-18T08:50:11Z,20.38,0.11678,0.00011,-20.38,17.20552,-33.775,-0.82
2020-05-18T09:05:13Z,20.37,0.11786,0.00011,-17.33,17.45677,-32.302,-0.99
2020-05-18T09:10:13Z,20.37,0.11786,0.0001,-16.31,17.54033,-31.771,-1.25
2020-05-18T09:15:16Z,20.36,0.11895,0.0001,-15.28,17.62472,-31.215,-1.31
2020-05-18T09:20:17Z,20.36,0.11895,2e-05,-14.26,17.70856,-30.644,-1.2
2020-05-18T09:25:18Z,20.35,0.12005,2e-05,-13.23,17.7924,-30.054,-1.08
2020-05-18T09:31:20Z,20.35,0.12005,3e-05,-11.99,17.89324,-29.32,-1.13
2020-05-18T09:36:21Z,20.34,0.12116,5e-05,-10.96,17.97708,-28.692,-0.95
2020-05-18T09:41:23Z,20.34,0.12116,4e-05,-9.92,18.06119,-28.044,-1.03
2020-05-18T09:47:24Z,20.33,0.12228,5e-05,-8.68,18.16175,-27.248,-0.82
2020-05-18T09:52:26Z,20.32,0.12341,5e-05,-7.64,18.24586,-26.565,-0.65
2020-05-18T09:57:27Z,20.32,0.12341,6e-05,-6.6,18.3297,-25.869,-0.52
2020-05-18T10:02:28Z,20.31,0.12456,6e-05,-5.56,18.41354,-25.159,-0.48
2020-05-18T10:07:29Z,20.31,0.12456,6e-05,-4.53,18.49738,-24.434,-0.53
2020-05-18T10:13:31Z,20.3,0.12571,7e-05,-3.28,18.59822,-23.545,-0.81
2020-05-18T10:18:32Z,20.3,0.12571,5e-05,-2.24,18.68206,-22.791,-0.79
2020-05-18T10:23:34Z,20.29,0.12687,6e-05,-1.19,18.76617,-22.022,-1.07
2020-05-18T10:28:35Z,20.29,0.12687,6e-05,-0.15,18.85001,-21.243,-1.25
2020-05-18T10:42:37Z,20.22,0.13532,5e-05,2.76,19.08454,-19.003,-2.06
2020-05-18T10:47:37Z,20.25,0.13163,0.0004,3.79,19.1681,-18.184,-1.99
2020-05-18T10:52:39Z,20.24,0.13285,0.00118,4.84,19.25222,-17.35,-1.94
2020-05-18T11:12:41Z,20.07,0.15537,0.0014,8.98,19.58703,-13.933,-1.93
2020-05-18T11:18:43Z,19.87,0.1868,0.00267,10.23,19.68786,-12.876,-2.15
2020-05-18T11:23:43Z,19.56,0.24852,0.01099,11.26,19.77142,-11.991,-2.15
2020-05-18T11:29:44Z,18.97,0.42792,0.04703,12.49,19.87197,-10.915,-2.27
2020-05-18T11:34:45Z,18.3,0.79317,0.17713,13.52,19.95581,-10.011,-2.22
2020-05-18T11:42:47Z,16.92,2.82726,0.32914,15.17,20.09007,-8.546,-2.4
2020-05-18T11:49:49Z,15.42,11.25552,0.16249,16.61,20.20761,-7.25,-2.38
2020-05-18T11:54:50Z,14.15,36.25481,0.12979,17.63,20.29145,-6.317,-2.28
2020-05-18T12:03:52Z,11.71,343.05648,0.09599,19.46,20.44242,-4.622,-2.52
2020-05-19T02:29:17Z,9.91,1800.38598,0.19277,-42.49,10.90552,-3.126,6.24
2020-05-19T02:35:19Z,11.31,495.86747,0.08761,-43.41,11.00635,-4.268,5.85
2020-05-19T02:41:30Z,12.91,113.59668,0.0783,-44.33,11.10969,-5.431,5.63
2020-05-19T02:49:31Z,14.98,16.87973,0.11645,-45.48,11.24366,-6.924,5.21
2020-05-19T02:56:33Z,16.61,3.76154,0.11627,-46.46,11.36121,-8.22,5.19
2020-05-19T03:02:34Z,17.7,1.37837,0.10295,-47.27,11.46176,-9.318,5.46
2020-05-19T03:08:36Z,18.6,0.60168,0.10251,-48.04,11.56259,-10.409,5.37
2020-05-19T03:13:37Z,19.05,0.39753,0.0952,-48.67,11.64643,-11.308,5.29
2020-05-19T03:19:39Z,19.64,0.23087,0.04855,-49.39,11.74726,-12.379,5.1
2020-05-19T03:26:40Z,19.65,0.22875,0.05317,-50.19,11.86453,-13.609,4.9
2020-05-19T03:31:42Z,20.02,0.16269,0.00054,-50.73,11.94864,-14.481,4.78
2020-05-19T03:36:43Z,20.06,0.15681,0.00025,-51.24,12.03248,-15.342,4.84
2020-05-19T03:41:43Z,20.08,0.15395,0.00069,-51.73,12.11605,-16.19,4.83
2020-05-19T03:46:45Z,20.09,0.15253,0.00067,-52.19,12.20016,-17.035,4.76
2020-05-19T04:02:46Z,20.1,0.15114,0.00059,-53.45,12.46784,-19.655,4.66
2020-05-19T04:11:48Z,20.12,0.14838,0.00021,-54.02,12.61881,-21.083,4.47
2020-05-19T04:16:50Z,20.12,0.14838,0.0003,-54.29,12.70293,-21.863,4.46
2020-05-19T04:21:51Z,20.11,0.14975,0.0002,-54.53,12.78677,-22.628,4.51
2020-05-19T04:26:53Z,20.1,0.15114,7e-05,-54.73,12.87088,-23.382,4.25
2020-05-19T04:31:54Z,20.1,0.15114,6e-05,-54.89,12.95472,-24.121,4.09
2020-05-19T04:48:57Z,20.12,0.14838,0.00029,-55.17,13.23967,-26.528,4.11
2020-05-19T04:54:59Z,20.12,0.14838,0.0003,-55.16,13.3405,-27.339,3.91
2020-05-19T05:00:00Z,20.13,0.14702,0.00028,-55.12,13.42434,-27.996,3.86
2020-05-19T05:10:01Z,20.14,0.14567,0.00087,-54.92,13.59174,-29.257,3.77
2020-05-19T05:15:03Z,20.14,0.14567,0.00079,-54.76,13.67586,-29.866,3.74
2020-05-19T05:20:04Z,20.14,0.14567,0.00063,-54.57,13.7597,-30.454,3.54
2020-05-19T05:25:05Z,20.15,0.14433,0.00067,-54.34,13.84354,-31.023,3.37
2020-05-19T05:31:08Z,20.15,0.14433,0.00073,-54.02,13.94465,-31.685,3.2
2020-05-19T05:37:09Z,20.18,0.1404,0.00037,-53.65,14.0452,-32.315,2.97
2020-05-19T05:42:11Z,20.19,0.13911,0.00025,-53.31,14.12932,-32.819,2.9
2020-05-19T05:50:12Z,20.2,0.13784,0.00022,-52.7,14.2633,-33.579,2.75
2020-05-19T05:55:13Z,20.18,0.1404,0.00012,-52.27,14.34714,-34.026,2.66
2020-05-19T06:00:13Z,20.18,0.1404,0.00013,-51.82,14.4307,-34.449,2.72
2020-05-19T06:06:14Z,20.19,0.13911,0.00011,-51.24,14.53125,-34.929,2.54
2020-05-19T06:11:15Z,20.19,0.13911,0.0002,-50.72,14.61509,-35.303,2.51
2020-05-19T06:16:16Z,20.19,0.13911,0.0003,-50.18,14.69893,-35.653,2.32
2020-05-19T06:24:18Z,20.2,0.13784,0.00033,-49.26,14.83319,-36.162,2.21
2020-05-19T06:35:21Z,20.21,0.13657,0.0003,-47.9,15.01786,-36.758,1.87
2020-05-19T06:41:23Z,20.22,0.13532,0.00027,-47.12,15.11869,-37.03,1.74
2020-05-19T06:46:24Z,20.24,0.13285,0.00332,-46.44,15.20253,-37.228,1.81
2020-05-19T06:51:25Z,20.24,0.13285,0.0017,-45.75,15.28637,-37.398,1.88
2020-05-19T06:56:26Z,20.25,0.13163,0.00145,-45.03,15.37021,-37.542,1.8
2020-05-19T07:01:27Z,20.28,0.12805,0.00145,-44.3,15.45405,-37.659,1.88
2020-05-19T07:11:29Z,20.29,0.12687,0.00134,-42.79,15.62173,-37.81,1.96
2020-05-19T07:16:31Z,20.3,0.12571,0.00135,-42.01,15.70585,-37.844,1.83
2020-05-19T07:26:33Z,20.31,0.12456,0.00153,-40.41,15.87353,-37.83,1.77
2020-05-19T07:31:34Z,20.32,0.12341,0.00178,-39.59,15.95737,-37.781,1.81
2020-05-19T07:36:36Z,20.33,0.12228,0.00185,-38.76,16.04149,-37.705,1.84
2020-05-19T07:41:37Z,20.33,0.12228,0.00153,-37.91,16.12533,-37.601,1.78
2020-05-19T07:52:40Z,20.34,0.12116,0.00158,-36.02,16.31,-37.277,1.64
2020-05-19T08:07:42Z,20.36,0.11895,0.00125,-33.36,16.56124,-36.628,1.37
2020-05-19T08:12:43Z,20.37,0.11786,0.00133,-32.46,16.64508,-36.36,1.1
2020-05-19T08:18:43Z,20.38,0.11678,7e-05,-31.37,16.74535,-36.005,1.14
2020-05-19T08:23:44Z,20.38,0.11678,7e-05,-30.45,16.82919,-35.682,1.03
2020-05-19T08:28:46Z,20.38,0.11678,8e-05,-29.52,16.91331,-35.333,0.95
2020-05-19T08:33:48Z,20.38,0.11678,0.00011,-28.58,16.99743,-34.959,0.8
2020-05-19T08:38:49Z,20.39,0.11571,0.00016,-27.64,17.08127,-34.564,0.59
2020-05-19T08:43:50Z,20.39,0.11571,0.00011,-26.69,17.16511,-34.145,0.59
2020-05-19T08:48:51Z,20.39,0.11571,8e-05,-25.73,17.24895,-33.704,0.54
2020-05-19T09:07:54Z,20.39,0.11571,8e-05,-22.06,17.56732,-31.834,-0.04
2020-05-19T09:14:56Z,20.39,0.11571,6e-05,-20.68,17.68486,-31.07,-0.11
2020-05-19T09:19:57Z,20.39,0.11571,5e-05,-19.7,17.7687,-30.502,-0.1
2020-05-19T09:24:58Z,20.39,0.11571,4e-05,-18.71,17.85254,-29.915,-0.1
2020-05-19T09:29:59Z,20.39,0.11571,4e-05,-17.72,17.93638,-29.31,-0.09
2020-05-19T09:36:01Z,20.38,0.11678,4e-05,-16.52,18.03721,-28.56,-0.06
2020-05-19T09:46:03Z,20.38,0.11678,4e-05,-14.51,18.20489,-27.259,-0.11
2020-05-19T09:51:05Z,20.38,0.11678,4e-05,-13.5,18.28901,-26.583,-0.3
2020-05-19T09:56:06Z,20.37,0.11786,4e-05,-12.49,18.37285,-25.893,-0.2
2020-05-19T10:01:07Z,20.37,0.11786,5e-05,-11.47,18.45669,-25.189,-0.16
2020-05-19T10:06:10Z,20.37,0.11786,6e-05,-10.45,18.54109,-24.465,-0.29
2020-05-19T10:12:12Z,20.37,0.11786,6e-05,-9.22,18.64192,-23.582,-0.75
2020-05-19T10:17:13Z,20.37,0.11786,6e-05,-8.2,18.72576,-22.834,-0.38
2020-05-19T10:23:15Z,20.36,0.11895,6e-05,-6.97,18.82659,-21.917,-0.46
2020-05-19T10:28:16Z,20.36,0.11895,8e-05,-5.94,18.91043,-21.141,-0.63
2020-05-19T10:33:18Z,20.35,0.12005,7e-05,-4.91,18.99455,-20.35,-0.66
2020-05-19T10:38:20Z,20.35,0.12005,9e-05,-3.87,19.07867,-19.548,-0.5
2020-05-19T10:43:20Z,20.34,0.12116,4e-05,-2.84,19.16223,-18.74,-0.82
2020-05-19T10:52:21Z,20.31,0.12456,4e-05,-0.98,19.31292,-17.257,-1.0
2020-05-19T10:58:23Z,20.3,0.12571,0.0001,0.26,19.41375,-16.247,-0.8
2020-05-19T11:03:24Z,20.27,0.12923,0.0001,1.3,19.49759,-15.396,-1.04
2020-05-19T11:08:26Z,20.22,0.13532,0.00016,2.34,19.58171,-14.533,-0.61
2020-05-19T11:16:28Z,20.01,0.1642,0.00043,4.01,19.71596,-13.138,-1.11
2020-05-19T11:21:29Z,19.72,0.21447,0.00695,5.05,19.7998,-12.255,-0.93
2020-05-19T11:27:30Z,19.16,0.35922,0.02167,6.3,19.90036,-11.186,-0.95
2020-05-19T11:32:32Z,18.51,0.65368,0.06994,7.34,19.98447,-10.284,-1.05
2020-05-19T11:37:33Z,17.7,1.37837,0.11385,8.39,20.06831,-9.376,-1.12
2020-05-19T11:42:35Z,16.75,3.30648,0.07179,9.43,20.15243,-8.459,-1.07
2020-05-19T11:48:38Z,15.4,11.46478,0.03231,10.69,20.25354,-7.347,-0.98
2020-05-19T11:59:41Z,12.64,145.66849,0.00834,12.99,20.43821,-5.291,-1.11
2020-05-19T12:04:42Z,11.41,452.23651,0.01499,14.03,20.52205,-4.347,-0.99
2020-05-19T12:10:43Z,9.98,1687.97349,0.05248,15.28,20.62261,-3.208,-1.36
2020-05-20T02:31:27Z,10.36,1189.50322,0.13185,-32.73,11.00744,-3.402,4.41
2020-05-20T02:41:29Z,12.85,120.05096,0.00668,-34.36,11.17512,-5.291,4.1
2020-05-20T02:49:31Z,14.91,18.00386,0.01374,-35.63,11.30937,-6.785,3.95
2020-05-20T02:54:32Z,16.16,5.69332,0.1264,-36.41,11.39321,-7.709,3.78
2020-05-20T03:02:34Z,17.64,1.45668,0.12064,-37.63,11.52747,-9.175,3.66
2020-05-20T03:07:35Z,18.41,0.71675,0.11522,-38.37,11.61131,-10.082,3.53
2020-05-20T03:14:37Z,19.25,0.33065,0.05935,-39.38,11.72885,-11.34,3.46
2020-05-20T03:20:39Z,19.71,0.21645,0.01931,-40.23,11.82968,-12.407,3.4
2020-05-20T03:25:40Z,19.92,0.17839,0.00471,-40.91,11.91352,-13.285,3.36
2020-05-20T03:30:41Z,20.02,0.16269,0.00095,-41.58,11.99736,-14.154,3.34
2020-05-20T03:35:43Z,20.08,0.15395,0.00025,-42.23,12.08148,-15.018,3.27
2020-05-20T03:50:45Z,20.1,0.15114,0.00014,-44.06,12.33272,-17.541,2.63
2020-05-20T03:55:46Z,20.11,0.14975,0.00042,-44.63,12.41656,-18.363,2.43
2020-05-20T04:00:48Z,20.11,0.14975,0.00068,-45.18,12.50068,-19.177,2.36
2020-05-20T04:05:49Z,20.12,0.14838,0.00045,-45.71,12.58452,-19.978,2.01
2020-05-20T04:10:50Z,20.13,0.14702,0.00019,-46.21,12.66836,-20.767,1.93
2020-05-20T04:15:52Z,20.13,0.14702,0.00016,-46.68,12.75248,-21.548,1.84
2020-05-20T04:20:53Z,20.13,0.14702,0.00017,-47.14,12.83632,-22.313,1.86
2020-05-20T04:32:56Z,20.11,0.14975,0.00011,-48.11,13.0377,-24.099,1.3
2020-05-20T04:38:58Z,20.11,0.14975,7e-05,-48.54,13.13853,-24.964,1.22
2020-05-20T04:45:59Z,20.12,0.14838,0.04074,-48.98,13.2558,-25.944,1.05
2020-05-20T04:51:01Z,20.13,0.14702,0.07665,-49.26,13.33992,-26.63,0.87
2020-05-20T04:56:02Z,20.13,0.14702,0.08526,-49.51,13.42376,-27.297,0.82
2020-05-20T05:01:04Z,20.14,0.14567,0.08354,-49.74,13.50788,-27.951,0.7
2020-05-20T05:08:05Z,20.15,0.14433,0.08049,-49.99,13.62514,-28.835,0.61
2020-05-20T05:13:06Z,20.16,0.14301,0.08117,-50.13,13.70898,-29.446,0.35
2020-05-20T05:31:09Z,20.17,0.1417,0.08636,-50.38,14.01064,-31.495,-0.17
2020-05-20T05:39:12Z,20.17,0.1417,0.07342,-50.35,14.14517,-32.328,-0.38
2020-05-20T05:44:13Z,19.86,0.18852,0.03964,-50.29,14.22901,-32.821,-0.49
2020-05-20T05:50:15Z,20.2,0.13784,6e-05,-50.17,14.32984,-33.386,-0.66
2020-05-20T05:56:16Z,20.2,0.13784,7e-05,-50.0,14.43039,-33.917,-0.83
2020-05-20T06:02:18Z,20.21,0.13657,0.00012,-49.79,14.53122,-34.418,-1.05
2020-05-20T06:07:19Z,20.22,0.13532,0.00019,-49.58,14.61506,-34.81,-1.08
2020-05-20T06:12:20Z,20.22,0.13532,0.00023,-49.34,14.6989,-35.177,-1.35
2020-05-20T06:23:22Z,20.23,0.13408,0.00023,-48.7,14.8833,-35.901,-1.46
2020-05-20T06:28:23Z,20.24,0.13285,0.00023,-48.36,14.96714,-36.191,-1.58
2020-05-20T06:36:31Z,20.25,0.13163,0.00025,-47.75,15.10306,-36.607,-1.98
2020-05-20T06:41:33Z,20.26,0.13043,0.00025,-47.34,15.18718,-36.83,-1.95
2020-05-20T06:47:35Z,20.26,0.13043,0.00019,-46.8,15.28801,-37.062,-2.17
2020-05-20T06:56:36Z,20.26,0.13043,0.00048,-45.94,15.4387,-37.338,-2.23
2020-05-20T07:01:38Z,20.28,0.12805,0.00062,-45.43,15.52282,-37.454,-2.37
2020-05-20T07:13:40Z,20.3,0.12571,0.00084,-44.1,15.72393,-37.62,-2.47
2020-05-20T07:19:41Z,20.31,0.12456,0.00142,-43.39,15.82448,-37.643,-2.62
2020-05-20T07:24:42Z,20.31,0.12456,0.00269,-42.77,15.90832,-37.633,-2.74
2020-05-20T07:37:44Z,20.33,0.12228,0.00362,-41.09,16.12614,-37.477,-2.83
2020-05-20T07:42:45Z,20.34,0.12116,0.00025,-40.41,16.20998,-37.368,-2.93
2020-05-20T07:47:53Z,20.34,0.12116,0.00025,-39.69,16.29576,-37.228,-3.0
2020-05-20T07:53:54Z,20.34,0.12116,0.00019,-38.83,16.39632,-37.029,-3.18
2020-05-20T07:58:55Z,20.34,0.12116,0.0001,-38.1,16.48016,-36.833,-3.15
2020-05-20T08:03:57Z,20.34,0.12116,8e-05,-37.35,16.56428,-36.611,-3.28
2020-05-20T08:14:59Z,20.34,0.12116,7e-05,-35.65,16.74867,-36.032,-3.39
2020-05-20T08:23:00Z,20.33,0.12228,7e-05,-34.38,16.88265,-35.535,-3.48
2020-05-20T08:29:02Z,20.33,0.12228,5e-05,-33.4,16.98348,-35.12,-3.53
2020-05-20T08:34:05Z,20.32,0.12341,5e-05,-32.57,17.06787,-34.745,-3.64
2020-05-20T08:39:06Z,20.32,0.12341,3e-05,-31.73,17.15171,-34.35,-3.72
2020-05-20T08:44:07Z,20.32,0.12341,4e-05,-30.89,17.23555,-33.932,-3.87
2020-05-20T08:50:09Z,20.32,0.12341,6e-05,-29.85,17.33638,-33.4,-3.91
2020-05-20T09:04:11Z,20.33,0.12228,8e-05,-27.4,17.57091,-32.041,-4.34
2020-05-20T09:17:13Z,20.32,0.12341,0.00012,-25.07,17.78873,-30.638,-4.67
2020-05-20T09:23:13Z,20.32,0.12341,0.00016,-23.98,17.889,-29.949,-4.93
2020-05-20T09:28:15Z,20.32,0.12341,0.00015,-23.05,17.97312,-29.35,-5.15
2020-05-20T09:33:16Z,20.31,0.12456,0.00015,-22.13,18.05696,-28.736,-5.31
2020-05-20T09:56:19Z,20.31,0.12456,8e-05,-17.78,18.44218,-25.704,-5.7
2020-05-20T10:01:23Z,20.31,0.12456,0.00013,-16.81,18.52686,-24.994,-5.76
2020-05-20T10:06:24Z,20.31,0.12456,0.00014,-15.85,18.6107,-24.276,-5.88
2020-05-20T10:11:25Z,20.3,0.12571,0.00013,-14.88,18.69454,-23.545,-6.03
2020-05-20T10:17:28Z,20.3,0.12571,0.0001,-13.7,18.79565,-22.646,-6.22
2020-05-20T10:27:29Z,20.3,0.12571,9e-05,-11.74,18.96305,-21.116,-6.37
2020-05-20T10:33:31Z,20.3,0.12571,9e-05,-10.55,19.06388,-20.172,-6.38
2020-05-20T10:40:34Z,20.29,0.12687,0.0001,-9.15,19.1817,-19.047,-6.67
2020-05-20T10:46:35Z,20.28,0.12805,8e-05,-7.95,19.28225,-18.071,-6.69
2020-05-20T10:51:36Z,20.27,0.12923,0.00011,-6.95,19.36609,-17.245,-6.8
2020-05-20T10:56:37Z,20.25,0.13163,0.00013,-5.95,19.44993,-16.409,-6.8
2020-05-20T11:05:06Z,20.2,0.13784,0.00018,-4.24,19.59171,-14.974,-6.63
2020-05-20T11:10:07Z,20.13,0.14702,0.00021,-3.23,19.67555,-14.113,-6.79
2020-05-20T11:16:14Z,19.93,0.17675,0.00096,-1.99,19.77777,-13.051,-6.9
2020-05-20T11:21:15Z,19.67,0.22458,0.00871,-0.97,19.86161,-12.17,-7.03
2020-05-20T11:26:17Z,19.22,0.33991,0.02139,0.06,19.94573,-11.279,-7.12
2020-05-20T11:33:18Z,18.33,0.77155,0.04485,1.49,20.063,-10.023,-7.17
2020-05-20T11:39:21Z,17.36,1.88524,0.07994,2.73,20.1641,-8.929,-7.1
2020-05-20T11:44:23Z,16.35,4.77931,0.07058,3.76,20.24822,-8.01,-7.22
2020-05-20T11:49:24Z,15.13,14.70163,0.04713,4.79,20.33206,-7.088,-7.42
2020-05-20T11:54:25Z,13.85,47.79315,0.01208,5.83,20.4159,-6.159,-7.51
2020-05-20T12:06:26Z,10.82,778.69184,0.00417,8.31,20.61673,-3.908,-7.59
2020-05-21T02:32:04Z,10.41,1135.96676,0.10315,-22.46,11.08345,-3.386,-0.98
2020-05-21T02:37:06Z,11.6,379.63446,0.05689,-23.33,11.16757,-4.334,-1.14
2020-05-21T02:45:09Z,13.62,59.06982,0.00438,-24.7,11.3021,-5.838,-1.37
2020-05-21T02:50:11Z,14.91,18.00386,0.02193,-25.54,11.38622,-6.77,-1.5
2020-05-21T02:55:15Z,16.16,5.69332,0.04256,-26.38,11.4709,-7.701,-1.66
2020-05-21T03:00:18Z,17.14,2.30869,0.11085,-27.21,11.5553,-8.623,-1.85
2020-05-21T03:05:19Z,17.99,1.05527,0.14284,-28.02,11.63914,-9.531,-1.91
2020-05-21T03:10:22Z,18.71,0.54371,0.1017,-28.83,11.72353,-10.438,-2.21
2020-05-21T03:15:24Z,19.27,0.32461,0.06671,-29.62,11.80765,-11.334,-2.43
2020-05-21T03:25:29Z,19.89,0.18339,0.00596,-31.17,11.97617,-13.105,-2.76
2020-05-21T03:32:32Z,20.04,0.15972,0.00046,-32.23,12.09399,-14.323,-2.92
2020-05-21T03:38:35Z,20.09,0.15253,3e-05,-33.11,12.1951,-15.354,-2.76
2020-05-21T03:43:37Z,20.1,0.15114,6e-05,-33.83,12.27922,-16.201,-2.99
2020-05-21T03:50:40Z,20.12,0.14838,4e-05,-34.82,12.39704,-17.372,-3.17
2020-05-21T03:58:42Z,20.13,0.14702,0.0001,-35.9,12.53129,-18.681,-3.37
2020-05-21T04:04:46Z,20.14,0.14567,7e-05,-36.69,12.63268,-19.651,-3.62
2020-05-21T04:12:49Z,20.15,0.14433,8e-05,-37.7,12.76722,-20.913,-3.85
2020-05-21T04:19:52Z,20.16,0.14301,7e-05,-38.55,12.88504,-21.994,-4.29
2020-05-21T04:25:55Z,20.16,0.14301,7e-05,-39.25,12.98615,-22.901,-4.25
2020-05-21T04:39:01Z,20.17,0.1417,0.01694,-40.66,13.20508,-24.8,-4.49
2020-05-21T04:46:04Z,20.18,0.1404,0.03468,-41.36,13.3229,-25.782,-4.7
2020-05-21T04:52:06Z,20.18,0.1404,0.04071,-41.92,13.42373,-26.599,-4.62
2020-05-21T05:04:11Z,20.2,0.13784,0.03829,-42.95,13.62567,-28.168,-5.16
2020-05-21T05:14:23Z,20.21,0.13657,0.03546,-43.7,13.79614,-29.417,-5.14
2020-05-21T05:20:28Z,20.21,0.13657,0.03775,-44.1,13.8978,-30.127,-5.34
2020-05-21T05:25:30Z,20.22,0.13532,0.03953,-44.4,13.98192,-30.693,-5.26
2020-05-21T05:30:32Z,20.22,0.13532,0.03585,-44.67,14.06604,-31.241,-5.21
2020-05-21T05:37:34Z,20.01,0.1642,0.01689,-45.01,14.18358,-31.974,-5.34
2020-05-21T05:42:36Z,20.24,0.13285,0.00043,-45.22,14.2677,-32.473,-5.76
2020-05-21T05:52:40Z,20.25,0.13163,0.00045,-45.54,14.43594,-33.409,-5.51
2020-05-21T05:57:43Z,20.25,0.13163,0.00046,-45.66,14.52034,-33.846,-5.57
2020-05-21T06:03:45Z,20.27,0.12923,0.00036,-45.76,14.62117,-34.337,-6.07
2020-05-21T06:10:48Z,20.27,0.12923,0.00042,-45.83,14.73899,-34.87,-6.4
2020-05-21T06:15:50Z,20.27,0.12923,0.00033,-45.84,14.82311,-35.221,-6.13
2020-05-21T06:20:53Z,20.27,0.12923,0.00028,-45.82,14.9075,-35.549,-6.22
2020-05-21T06:25:55Z,20.27,0.12923,0.00031,-45.77,14.99162,-35.851,-6.22
2020-05-21T06:32:56Z,20.3,0.12571,0.00025,-45.65,15.10889,-36.23,-6.28
2020-05-21T06:39:00Z,20.31,0.12456,0.00033,-45.5,15.21028,-36.518,-6.42
2020-05-21T06:44:01Z,20.31,0.12456,0.00022,-45.34,15.29412,-36.727,-6.38
2020-05-21T06:50:05Z,20.32,0.12341,0.00126,-45.11,15.3955,-36.944,-6.42
2020-05-21T06:55:07Z,20.32,0.12341,0.00129,-44.89,15.47962,-37.095,-6.68
2020-05-21T07:03:19Z,20.34,0.12116,0.00118,-44.47,15.61666,-37.283,-6.66
2020-05-21T07:08:22Z,20.35,0.12005,0.00123,-44.17,15.70106,-37.363,-6.6
2020-05-21T07:13:23Z,20.36,0.11895,0.00134,-43.85,15.7849,-37.415,-6.56
2020-05-21T07:18:27Z,20.35,0.12005,0.00135,-43.5,15.86958,-37.439,-6.52
2020-05-21T07:23:27Z,20.35,0.12005,0.00091,-43.13,15.95314,-37.436,-6.51
2020-05-21T07:28:29Z,20.35,0.12005,0.00136,-42.73,16.03726,-37.405,-6.56
2020-05-21T07:33:31Z,20.37,0.11786,0.00139,-42.31,16.12137,-37.347,-6.62
2020-05-21T07:38:33Z,20.37,0.11786,0.00141,-41.86,16.20549,-37.261,-6.62
2020-05-21T07:43:34Z,20.38,0.11678,0.00215,-41.39,16.28933,-37.148,-6.68
2020-05-21T07:48:37Z,20.38,0.11678,0.00302,-40.9,16.37373,-37.008,-6.69
2020-05-21T07:53:38Z,20.38,0.11678,0.00373,-40.39,16.45757,-36.841,-6.78
2020-05-21T07:58:39Z,20.38,0.11678,0.00426,-39.85,16.54141,-36.648,-6.69
2020-05-21T08:03:42Z,20.38,0.11678,0.00465,-39.29,16.62581,-36.427,-6.86
2020-05-21T08:08:44Z,20.42,0.11256,0.00456,-38.71,16.70993,-36.181,-7.01
2020-05-21T08:14:48Z,20.4,0.11465,0.00084,-37.99,16.81131,-35.85,-7.11
2020-05-21T08:20:50Z,20.4,0.11465,0.00075,-37.25,16.91214,-35.485,-7.03
2020-05-21T08:25:52Z,20.38,0.11678,0.00085,-36.61,16.99626,-35.153,-7.06
2020-05-21T08:32:54Z,20.37,0.11786,0.00116,-35.69,17.11381,-34.649,-7.19
2020-05-21T08:38:56Z,20.37,0.11786,0.001,-34.87,17.21464,-34.179,-7.3
2020-05-21T08:46:04Z,20.37,0.11786,0.00098,-33.87,17.33385,-33.582,-7.32
2020-05-21T08:51:05Z,20.37,0.11786,0.0013,-33.16,17.41769,-33.135,-7.47
2020-05-21T08:58:07Z,20.37,0.11786,0.00128,-32.13,17.53523,-32.471,-7.71
2020-05-21T09:03:08Z,20.36,0.11895,0.00013,-31.38,17.61907,-31.973,-7.71
2020-05-21T09:09:10Z,20.36,0.11895,0.00023,-30.46,17.71991,-31.347,-7.8
2020-05-21T09:15:12Z,20.36,0.11895,0.00025,-29.52,17.82074,-30.693,-7.78
2020-05-21T09:20:13Z,20.36,0.11895,8e-05,-28.73,17.90458,-30.128,-7.84
2020-05-21T09:25:15Z,20.36,0.11895,5e-05,-27.92,17.98869,-29.543,-8.01
2020-05-21T09:33:17Z,20.35,0.12005,5e-05,-26.62,18.12295,-28.571,-8.27
2020-05-21T09:38:20Z,20.35,0.12005,7e-05,-25.78,18.20735,-27.938,-8.2
2020-05-21T09:49:22Z,20.34,0.12116,7e-05,-23.92,18.39174,-26.496,-8.16
2020-05-21T09:54:25Z,20.34,0.12116,7e-05,-23.05,18.47614,-25.812,-8.26
2020-05-21T09:59:27Z,20.34,0.12116,3e-05,-22.18,18.56026,-25.114,-8.21
2020-05-21T10:04:29Z,20.33,0.12228,5e-05,-21.3,18.64437,-24.402,-8.42
2020-05-21T10:09:30Z,20.33,0.12228,5e-05,-20.42,18.72821,-23.678,-8.31
2020-05-21T10:14:31Z,20.33,0.12228,4e-05,-19.52,18.81205,-22.94,-8.72
2020-05-21T10:24:37Z,20.32,0.12341,4e-05,-17.7,18.98085,-21.417,-8.42
2020-05-21T10:31:39Z,20.32,0.12341,4e-05,-16.42,19.09839,-20.326,-8.58
2020-05-21T10:36:41Z,20.31,0.12456,4e-05,-15.49,19.18251,-19.532,-8.6
2020-05-21T10:44:44Z,20.3,0.12571,6e-05,-14.0,19.31704,-18.238,-8.85
2020-05-21T10:49:46Z,20.28,0.12805,6e-05,-13.06,19.40116,-17.415,-8.88
2020-05-21T10:54:50Z,20.27,0.12923,0.00015,-12.1,19.48584,-16.577,-8.67
2020-05-21T10:59:51Z,20.26,0.13043,7e-05,-11.15,19.56968,-15.736,-8.69
2020-05-21T11:05:52Z,20.21,0.13657,8e-05,-10.01,19.67023,-14.716,-8.79
2020-05-21T11:10:53Z,20.13,0.14702,0.00039,-9.05,19.75407,-13.855,-8.84
2020-05-21T11:15:54Z,19.97,0.17036,0.00155,-8.08,19.83791,-12.986,-8.92
2020-05-21T11:20:56Z,19.69,0.22048,0.00695,-7.11,19.92203,-12.105,-8.88
2020-05-21T11:25:59Z,19.25,0.33065,0.02138,-6.13,20.00643,-11.213,-9.04
2020-05-21T11:34:02Z,18.2,0.86969,0.03449,-4.56,20.14096,-9.774,-9.04
2020-05-21T11:39:04Z,17.37,1.86795,0.06494,-3.57,20.22508,-8.865,-9.08
2020-05-21T11:44:05Z,16.36,4.7355,0.04348,-2.58,20.30892,-7.952,-9.18
2020-05-21T11:50:08Z,14.85,19.02679,0.02355,-1.38,20.41003,-6.841,-9.17
2020-05-21T12:00:12Z,12.24,210.55503,0.01109,0.62,20.57827,-4.971,-9.21
2020-05-21T12:06:15Z,10.78,807.91491,0.01939,1.83,20.67938,-3.836,-9.11
2020-05-22T02:32:37Z,10.26,1304.26434,0.1782,-11.96,11.15835,-3.359,1.29
2020-05-22T02:42:41Z,12.69,139.11233,0.00906,-13.76,11.32659,-5.245,0.93
2020-05-22T02:51:44Z,15.02,16.26918,0.05962,-15.36,11.47784,-6.919,0.58
2020-05-22T02:56:46Z,16.23,5.33784,0.14334,-16.23,11.56196,-7.841,0.45
2020-05-22T03:01:48Z,17.21,2.16454,0.17604,-17.1,11.64607,-8.756,0.41
2020-05-22T03:06:49Z,18.05,0.99854,0.1764,-17.96,11.72991,-9.661,0.29
2020-05-22T03:15:53Z,19.22,0.33991,0.0757,-19.49,11.88144,-11.277,0.08
2020-05-22T03:23:57Z,19.78,0.20294,0.01105,-20.83,12.01625,-12.693,-0.26
2020-05-22T03:28:59Z,19.95,0.17353,0.00318,-21.65,12.10037,-13.565,-0.37
2020-05-22T03:36:01Z,20.05,0.15826,0.00126,-22.79,12.21791,-14.769,-0.44
2020-05-22T03:44:04Z,20.1,0.15114,0.00024,-24.06,12.35245,-16.125,-0.55
2020-05-22T03:53:08Z,20.09,0.15253,0.00023,-25.46,12.50397,-17.623,-0.7
2020-05-22T03:58:09Z,20.1,0.15114,0.00023,-26.22,12.58781,-18.437,-1.15
2020-05-22T04:03:11Z,20.1,0.15114,0.00027,-26.96,12.67193,-19.243,-1.21
2020-05-22T04:12:16Z,20.1,0.15114,0.00025,-28.28,12.82373,-20.668,-1.45
2020-05-22T04:17:17Z,20.09,0.15253,5e-05,-29.0,12.90757,-21.439,-1.54
2020-05-22T04:22:20Z,20.1,0.15114,9e-05,-29.7,12.99197,-22.203,-1.78
2020-05-22T04:32:23Z,20.12,0.14838,7e-05,-31.05,13.15993,-23.684,-2.01
2020-05-22T04:39:27Z,20.13,0.14702,7e-05,-31.97,13.27803,-24.693,-2.25
2020-05-22T04:44:28Z,20.14,0.14567,0.0001,-32.6,13.36187,-25.392,-2.33
2020-05-22T04:49:29Z,20.14,0.14567,9e-05,-33.21,13.44571,-26.076,-2.44
2020-05-22T04:54:32Z,20.15,0.14433,0.0001,-33.81,13.53011,-26.75,-2.55
2020-05-22T05:02:34Z,20.15,0.14433,0.00013,-34.74,13.66436,-27.788,-2.53
2020-05-22T05:07:37Z,20.16,0.14301,9e-05,-35.29,13.74876,-28.419,-2.66
2020-05-22T05:14:40Z,20.17,0.1417,7e-05,-36.03,13.86658,-29.271,-2.8
2020-05-22T05:23:44Z,20.18,0.1404,9e-05,-36.93,14.01811,-30.315,-3.18
2020-05-22T05:28:46Z,20.18,0.1404,8e-05,-37.4,14.10222,-30.868,-3.22
2020-05-22T05:33:48Z,20.18,0.1404,6e-05,-37.85,14.18634,-31.402,-3.35
2020-05-22T05:38:50Z,20.18,0.1404,6e-05,-38.28,14.27046,-31.916,-3.21
2020-05-22T05:49:53Z,20.19,0.13911,6e-05,-39.14,14.45513,-32.971,-3.76
2020-05-22T05:55:55Z,20.2,0.13784,0.00116,-39.56,14.55596,-33.503,-3.9
2020-05-22T06:00:57Z,20.2,0.13784,0.00109,-39.88,14.64008,-33.922,-3.38
2020-05-22T06:06:00Z,20.2,0.13784,0.0011,-40.18,14.72448,-34.32,-3.31
2020-05-22T06:11:01Z,20.2,0.13784,0.00173,-40.46,14.80832,-34.692,-3.58
2020-05-22T06:17:04Z,20.21,0.13657,0.00237,-40.75,14.90943,-35.11,-3.84
2020-05-22T06:23:07Z,20.21,0.13657,0.00173,-41.01,15.01054,-35.491,-3.82
2020-05-22T06:31:10Z,20.21,0.13657,0.00083,-41.3,15.14507,-35.944,-4.09
2020-05-22T06:36:12Z,20.21,0.13657,0.00129,-41.44,15.22919,-36.193,-4.14
2020-05-22T06:42:20Z,20.27,0.12923,0.00021,-41.58,15.33169,-36.463,-3.99
2020-05-22T06:47:25Z,20.28,0.12805,0.00433,-41.66,15.41665,-36.656,-3.97
2020-05-22T06:52:26Z,20.29,0.12687,0.00436,-41.72,15.50049,-36.821,-3.94
2020-05-22T07:03:31Z,20.31,0.12456,0.00488,-41.75,15.68572,-37.089,-3.99
2020-05-22T07:14:34Z,20.31,0.12456,0.00526,-41.64,15.87039,-37.226,-4.22
2020-05-22T07:19:37Z,20.31,0.12456,0.00568,-41.55,15.95478,-37.244,-4.36
2020-05-22T07:24:39Z,20.32,0.12341,0.00611,-41.43,16.0389,-37.235,-4.61
2020-05-22T07:34:42Z,20.33,0.12228,0.00604,-41.11,16.20686,-37.134,-4.72
2020-05-22T07:39:45Z,20.34,0.12116,0.00461,-40.91,16.29126,-37.042,-4.78
2020-05-22T07:45:48Z,20.34,0.12116,0.00089,-40.63,16.39237,-36.896,-5.06
2020-05-22T07:50:48Z,20.34,0.12116,0.00067,-40.37,16.47593,-36.746,-5.2
2020-05-22T07:57:53Z,20.34,0.12116,0.00074,-39.97,16.59431,-36.488,-5.18
2020-05-22T08:03:54Z,20.35,0.12005,0.00019,-39.59,16.69486,-36.229,-5.38
2020-05-22T08:08:56Z,20.35,0.12005,9e-05,-39.24,16.77898,-35.983,-5.45
2020-05-22T08:13:59Z,20.35,0.12005,8e-05,-38.87,16.86338,-35.71,-5.35
2020-05-22T08:19:00Z,20.35,0.12005,7e-05,-38.48,16.94722,-35.415,-5.39
2020-05-22T08:24:01Z,20.35,0.12005,6e-05,-38.06,17.03106,-35.094,-5.45
2020-05-22T08:29:02Z,20.36,0.11895,5e-05,-37.63,17.1149,-34.75,-5.46
2020-05-22T08:35:06Z,20.36,0.11895,7e-05,-37.07,17.21628,-34.302,-5.6
2020-05-22T08:41:09Z,20.35,0.12005,7e-05,-36.49,17.31739,-33.821,-5.61
2020-05-22T08:49:12Z,20.36,0.11895,0.00012,-35.66,17.45193,-33.13,-5.73
2020-05-22T08:55:14Z,20.35,0.12005,0.00012,-35.01,17.55276,-32.576,-5.77
2020-05-22T09:04:18Z,20.35,0.12005,0.00014,-33.99,17.70428,-31.686,-5.79
2020-05-22T09:11:34Z,20.34,0.12116,0.00013,-33.12,17.82573,-30.924,-5.85
2020-05-22T09:18:40Z,20.35,0.12005,0.00013,-32.24,17.94438,-30.141,-6.06
2020-05-22T09:25:42Z,20.34,0.12116,0.00023,-31.34,18.06193,-29.329,-6.07
2020-05-22T09:35:51Z,20.34,0.12116,0.00017,-29.99,18.23156,-28.095,-6.09
2020-05-22T09:41:52Z,20.34,0.12116,0.00017,-29.16,18.33211,-27.331,-6.15
2020-05-22T09:46:53Z,20.34,0.12116,0.00016,-28.45,18.41595,-26.676,-6.37
2020-05-22T09:51:53Z,20.33,0.12228,0.0001,-27.73,18.49951,-26.007,-6.39
2020-05-22T09:58:55Z,20.33,0.12228,0.00012,-26.7,18.61705,-25.042,-6.42
2020-05-22T10:03:56Z,20.33,0.12228,0.00012,-25.95,18.70089,-24.335,-6.43
2020-05-22T10:08:59Z,20.32,0.12341,0.0001,-25.18,18.78529,-23.61,-6.49
2020-05-22T10:20:03Z,20.31,0.12456,9e-05,-23.46,18.97024,-21.974,-6.72
2020-05-22T10:28:06Z,20.3,0.12571,5e-05,-22.17,19.10477,-20.744,-6.56
2020-05-22T10:33:07Z,20.3,0.12571,5e-05,-21.36,19.18861,-19.963,-6.66
2020-05-22T10:47:14Z,20.25,0.13163,6e-05,-19.02,19.42453,-17.703,-6.45
2020-05-22T10:53:16Z,20.24,0.13285,0.00024,-18.0,19.52537,-16.712,-6.56
2020-05-22T10:58:18Z,20.23,0.13408,0.00016,-17.14,19.60948,-15.873,-6.88
2020-05-22T11:03:19Z,20.22,0.13532,0.0002,-16.27,19.69332,-15.028,-6.82
2020-05-22T11:09:22Z,20.13,0.14702,0.00025,-15.22,19.79443,-13.997,-7.26
2020-05-22T11:14:24Z,20.0,0.16572,0.00203,-14.33,19.87855,-13.129,-7.24
2020-05-22T11:22:33Z,19.5,0.26264,0.00729,-12.88,20.01476,-11.705,-7.26
2020-05-22T11:27:38Z,18.95,0.43588,0.0562,-11.97,20.09971,-10.806,-7.32
2020-05-22T11:32:40Z,18.25,0.83055,0.1254,-11.06,20.18383,-9.908,-7.36
2020-05-22T11:38:52Z,17.18,2.22518,0.07924,-9.93,20.28745,-8.791,-7.22
2020-05-22T11:44:53Z,15.92,7.10175,0.06017,-8.82,20.388,-7.697,-7.58
2020-05-22T11:49:54Z,14.67,22.45772,0.02947,-7.9,20.47184,-6.777,-7.6
2020-05-22T11:56:56Z,12.88,116.77923,0.01016,-6.59,20.58938,-5.476,-7.5
2020-05-22T12:01:58Z,11.61,376.15395,0.0134,-5.64,20.6735,-4.538,-7.38
2020-05-22T12:09:01Z,9.96,1719.35526,0.05496,-4.31,20.79132,-3.213,-7.31
2020-05-23T02:32:03Z,10.2,1378.3694,0.26978,-1.06,11.21459,-3.122,3.79
2020-05-23T02:44:31Z,13.15,91.06796,0.00645,-3.37,11.42294,-5.454,3.48
2020-05-23T02:50:35Z,14.72,21.44695,0.05631,-4.48,11.52433,-6.574,3.26
2020-05-23T02:57:41Z,16.43,4.43982,0.14264,-5.77,11.64299,-7.873,3.29
2020-05-23T03:05:43Z,17.89,1.15709,0.12033,-7.22,11.77724,-9.325,3.23
2020-05-23T03:10:44Z,18.62,0.5907,0.0977,-8.11,11.86108,-10.223,3.13
2020-05-23T03:17:51Z,19.37,0.29605,0.04552,-9.37,11.98002,-11.483,3.07
2020-05-23T03:26:10Z,19.87,0.1868,0.0059,-10.83,12.11901,-12.934,2.89
2020-05-23T03:32:22Z,20.02,0.16269,0.00313,-11.9,12.22262,-14.001,2.82
2020-05-23T03:37:26Z,19.99,0.16725,0.00329,-12.77,12.3073,-14.863,2.84
2020-05-23T03:42:30Z,20.08,0.15395,0.00162,-13.63,12.39198,-15.715,2.67
2020-05-23T03:50:33Z,20.1,0.15114,0.00159,-14.97,12.52651,-17.049,2.45
2020-05-23T03:55:35Z,20.1,0.15114,0.00158,-15.81,12.61063,-17.87,2.27
2020-05-23T04:00:37Z,20.12,0.14838,0.00131,-16.63,12.69475,-18.68,2.02
2020-05-23T04:06:39Z,20.13,0.14702,0.00139,-17.61,12.79558,-19.636,1.72
2020-05-23T04:17:43Z,20.14,0.14567,0.00137,-19.36,12.98053,-21.347,1.48
2020-05-23T04:23:46Z,20.1,0.15114,0.00048,-20.3,13.08164,-22.257,1.51
2020-05-23T04:28:47Z,20.14,0.14567,0.0001,-21.06,13.16548,-22.998,1.43
2020-05-23T04:34:49Z,20.15,0.14433,0.00015,-21.97,13.26631,-23.871,1.56
2020-05-23T04:39:51Z,20.15,0.14433,0.00014,-22.72,13.35043,-24.584,1.66
2020-05-23T04:44:53Z,20.16,0.14301,0.0001,-23.45,13.43454,-25.283,1.86
2020-05-23T04:49:56Z,20.16,0.14301,0.00014,-24.17,13.51894,-25.969,1.77
2020-05-23T04:54:56Z,20.16,0.14301,0.00014,-24.88,13.6025,-26.633,1.85
2020-05-23T05:01:00Z,20.16,0.14301,0.00013,-25.71,13.70389,-27.418,1.83
2020-05-23T05:12:04Z,20.16,0.14301,0.00012,-27.19,13.88884,-28.787,1.76
2020-05-23T05:17:06Z,20.17,0.1417,7e-05,-27.84,13.97296,-29.381,1.67
2020-05-23T05:22:08Z,20.18,0.1404,4e-05,-28.47,14.05708,-29.958,1.52
2020-05-23T05:27:10Z,20.18,0.1404,6e-05,-29.09,14.1412,-30.516,1.43
2020-05-23T05:32:12Z,20.18,0.1404,5e-05,-29.69,14.22531,-31.055,1.32
2020-05-23T05:37:14Z,20.18,0.1404,5e-05,-30.28,14.30943,-31.573,1.36
2020-05-23T05:42:16Z,20.18,0.1404,7e-05,-30.85,14.39355,-32.072,1.32
2020-05-23T05:48:19Z,20.19,0.13911,6e-05,-31.51,14.49466,-32.644,1.3
2020-05-23T05:53:20Z,20.19,0.13911,5e-05,-32.04,14.5785,-33.094,1.3
2020-05-23T05:59:22Z,20.19,0.13911,5e-05,-32.65,14.67933,-33.607,1.23
2020-05-23T06:04:23Z,20.2,0.13784,0.00035,-33.14,14.76317,-34.009,1.15
2020-05-23T06:11:27Z,20.2,0.13784,0.00035,-33.8,14.88127,-34.535,1.09
2020-05-23T06:23:51Z,20.21,0.13657,0.0003,-34.86,15.0885,-35.345,0.92
2020-05-23T06:31:53Z,20.22,0.13532,0.00041,-35.47,15.22276,-35.79,0.6
2020-05-23T06:40:55Z,20.22,0.13532,0.00046,-36.1,15.37373,-36.212,0.39
2020-05-23T06:48:59Z,20.23,0.13408,0.00494,-36.6,15.50854,-36.519,0.33
2020-05-23T06:54:01Z,20.23,0.13408,0.00541,-36.88,15.59266,-36.675,0.32
2020-05-23T07:00:03Z,20.23,0.13408,0.005,-37.19,15.69349,-36.827,0.25
2020-05-23T07:05:05Z,20.26,0.13043,0.00447,-37.41,15.77761,-36.925,0.33
2020-05-23T07:10:07Z,20.26,0.13043,0.00409,-37.62,15.86173,-36.995,0.12
2020-05-23T07:16:10Z,20.27,0.12923,0.00344,-37.83,15.96284,-37.043,-0.07
2020-05-23T07:22:12Z,20.31,0.12456,0.00318,-38.01,16.06367,-37.052,-0.13
2020-05-23T07:29:14Z,20.32,0.12341,0.00354,-38.17,16.18121,-37.012,-0.33
2020-05-23T07:34:16Z,20.33,0.12228,0.00459,-38.25,16.26533,-36.951,-0.35
2020-05-23T07:42:20Z,20.34,0.12116,0.0058,-38.33,16.40014,-36.797,-0.46
2020-05-23T07:48:23Z,20.34,0.12116,0.00665,-38.35,16.50125,-36.635,-0.77
2020-05-23T07:53:23Z,20.34,0.12116,0.00674,-38.34,16.58481,-36.473,-0.89
2020-05-23T07:58:26Z,20.35,0.12005,0.0053,-38.3,16.66921,-36.282,-0.98
2020-05-23T08:05:29Z,20.35,0.12005,0.00485,-38.2,16.78703,-35.971,-1.18
2020-05-23T08:13:31Z,20.36,0.11895,0.00367,-38.03,16.92129,-35.556,-1.34
2020-05-23T08:20:34Z,20.36,0.11895,8e-05,-37.83,17.03911,-35.139,-1.36
2020-05-23T08:30:38Z,20.36,0.11895,7e-05,-37.46,17.20735,-34.46,-1.52
2020-05-23T08:37:42Z,20.36,0.11895,6e-05,-37.13,17.32545,-33.926,-1.62
2020-05-23T08:42:44Z,20.36,0.11895,7e-05,-36.88,17.40956,-33.518,-1.59
2020-05-23T08:48:46Z,20.36,0.11895,4e-05,-36.54,17.5104,-33.0,-1.45
2020-05-23T08:53:47Z,20.36,0.11895,4e-05,-36.23,17.59424,-32.545,-1.5
2020-05-23T08:59:50Z,20.36,0.11895,3e-05,-35.83,17.69534,-31.968,-1.58
2020-05-23T09:07:53Z,20.35,0.12005,3e-05,-35.25,17.82988,-31.154,-1.78
2020-05-23T09:12:56Z,20.35,0.12005,3e-05,-34.85,17.91428,-30.617,-1.99
2020-05-23T09:22:00Z,20.35,0.12005,3e-05,-34.09,18.0658,-29.605,-2.23
2020-05-23T09:28:02Z,20.34,0.12116,4e-05,-33.55,18.16663,-28.898,-2.11
2020-05-23T09:33:03Z,20.34,0.12116,5e-05,-33.07,18.25047,-28.291,-2.26
2020-05-23T09:38:05Z,20.34,0.12116,5e-05,-32.58,18.33459,-27.665,-2.47
2020-05-23T09:43:08Z,20.34,0.12116,5e-05,-32.07,18.41899,-27.02,-2.48
2020-05-23T09:48:09Z,20.34,0.12116,5e-05,-31.54,18.50283,-26.362,-2.57
2020-05-23T09:53:12Z,20.34,0.12116,4e-05,-30.99,18.58722,-25.685,-2.7
2020-05-23T09:58:13Z,20.34,0.12116,4e-05,-30.42,18.67106,-24.998,-2.73
2020-05-23T10:03:16Z,20.34,0.12116,3e-05,-29.84,18.75546,-24.291,-3.17
2020-05-23T10:08:17Z,20.34,0.12116,3e-05,-29.24,18.8393,-23.574,-3.02
2020-05-23T10:14:20Z,20.33,0.12228,1e-05,-28.5,18.94041,-22.692,-3.11
2020-05-23T10:19:21Z,20.33,0.12228,3e-05,-27.87,19.02425,-21.946,-3.15
2020-05-23T10:24:23Z,20.33,0.12228,3e-05,-27.23,19.10837,-21.185,-3.18
2020-05-23T10:31:26Z,20.33,0.12228,4e-05,-26.3,19.22619,-20.098,-3.28
2020-05-23T10:38:30Z,20.32,0.12341,5e-05,-25.34,19.34429,-18.986,-3.31
2020-05-23T10:43:31Z,20.32,0.12341,6e-05,-24.64,19.42813,-18.182,-3.71
2020-05-23T10:50:33Z,20.3,0.12571,5e-05,-23.64,19.54567,-17.039,-3.57
2020-05-23T10:55:34Z,20.29,0.12687,0.00014,-22.91,19.62951,-16.21,-3.69
2020-05-23T11:02:39Z,20.26,0.13043,0.00014,-21.87,19.74789,-15.024,-3.82
2020-05-23T11:07:40Z,20.2,0.13784,7e-05,-21.11,19.83173,-14.173,-3.9
2020-05-23T11:13:43Z,20.04,0.15972,0.00068,-20.19,19.93284,-13.134,-4.07
2020-05-23T11:19:45Z,19.73,0.2125,0.00647,-19.25,20.03367,-12.085,-4.0
2020-05-23T11:25:48Z,19.17,0.35593,0.024,-18.3,20.13478,-11.022,-4.12
2020-05-23T11:30:50Z,18.53,0.64175,0.06029,-17.5,20.2189,-10.128,-4.46
2020-05-23T11:35:51Z,17.75,1.31633,0.0874,-16.69,20.30274,-9.23,-4.57
2020-05-23T11:43:53Z,16.16,5.69332,0.06166,-15.37,20.437,-7.776,-4.73
2020-05-23T11:49:56Z,14.57,24.6244,0.04978,-14.36,20.53811,-6.67,-4.8
2020-05-23T11:54:59Z,13.28,80.79149,0.02106,-13.51,20.6225,-5.738,-4.9
2020-05-23T12:00:00Z,12.1,239.53315,0.01075,-12.66,20.70634,-4.807,-5.22
2020-05-23T12:05:02Z,11.01,653.68064,0.07993,-11.8,20.79046,-3.866,-5.05
2020-05-24T02:38:02Z,11.38,464.9065,0.2223,8.76,11.3803,-4.117,5.4
2020-05-24T02:43:04Z,12.65,144.33299,0.25222,7.8,11.46442,-5.054,4.87
2020-05-24T02:54:08Z,15.54,10.0778,0.10129,5.7,11.64937,-7.092,4.35
2020-05-24T02:59:11Z,16.73,3.36795,0.04967,4.75,11.73377,-8.011,4.72
2020-05-24T03:04:12Z,17.39,1.83386,0.10151,3.81,11.81761,-8.917,5.31
2020-05-24T03:13:22Z,18.32,0.77869,0.15011,2.1,11.9708,-10.553,6.06
2020-05-24T03:21:28Z,19.21,0.34306,0.06629,0.61,12.10617,-11.977,5.46
2020-05-24T03:26:29Z,19.53,0.25549,0.04155,-0.31,12.19001,-12.848,5.11
2020-05-24T03:36:34Z,19.99,0.16725,0.00354,-2.14,12.35853,-14.573,4.0
2020-05-24T03:42:36Z,20.02,0.16269,0.00674,-3.22,12.45936,-15.587,3.84
2020-05-24T03:55:41Z,20.02,0.16269,0.00823,-5.54,12.67801,-17.737,3.7
2020-05-24T04:02:43Z,20.02,0.16269,0.00767,-6.77,12.79555,-18.864,3.51
2020-05-24T04:07:45Z,20.05,0.15826,0.02043,-7.64,12.87967,-19.656,3.4
2020-05-24T04:12:47Z,20.05,0.15826,0.02797,-8.5,12.96379,-20.438,3.31
2020-05-24T04:18:49Z,19.99,0.16725,0.02824,-9.53,13.06462,-21.358,3.44
2020-05-24T04:23:51Z,19.93,0.17675,0.03612,-10.38,13.14874,-22.113,3.63
2020-05-24T04:29:54Z,19.93,0.17675,0.03725,-11.39,13.24985,-23.002,3.42
2020-05-24T04:37:57Z,19.95,0.17353,0.03542,-12.71,13.38438,-24.156,3.42
2020-05-24T04:45:00Z,19.96,0.17194,0.03444,-13.86,13.50221,-25.136,3.41
2020-05-24T04:54:03Z,20.05,0.15826,0.03439,-15.3,13.65345,-26.351,2.94
2020-05-24T04:59:05Z,19.88,0.18508,0.01341,-16.09,13.73757,-27.005,3.27
2020-05-24T05:04:07Z,19.84,0.19203,0.01263,-16.86,13.82169,-27.643,3.5
2020-05-24T05:12:10Z,19.97,0.17036,0.01068,-18.09,13.95622,-28.628,3.23
2020-05-24T05:17:13Z,20.06,0.15681,0.01119,-18.84,14.04062,-29.223,2.64
2020-05-24T05:22:14Z,19.96,0.17194,0.00504,-19.58,14.12446,-29.796,2.7
2020-05-24T05:27:16Z,20.02,0.16269,0.0042,-20.31,14.20858,-30.353,2.63
2020-05-24T05:34:19Z,20.05,0.15826,0.00398,-21.32,14.3264,-31.099,2.34
2020-05-24T05:39:21Z,20.08,0.15395,0.00355,-22.02,14.41052,-31.609,2.25
2020-05-24T05:44:23Z,20.12,0.14838,0.00337,-22.71,14.49464,-32.097,2.04
2020-05-24T05:53:26Z,20.14,0.14567,0.00311,-23.92,14.64588,-32.923,1.97
2020-05-24T06:02:36Z,20.09,0.15253,0.00217,-25.1,14.79908,-33.687,1.81
2020-05-24T06:12:51Z,20.17,0.1417,0.00042,-26.36,14.97038,-34.451,1.43
2020-05-24T06:19:55Z,20.18,0.1404,0.00034,-27.19,15.08848,-34.92,1.2
2020-05-24T06:31:59Z,20.19,0.13911,0.00046,-28.54,15.29014,-35.61,1.29
2020-05-24T06:38:01Z,20.19,0.13911,0.00047,-29.19,15.39097,-35.9,1.27
2020-05-24T06:50:05Z,20.2,0.13784,0.00038,-30.39,15.59264,-36.369,0.89
2020-05-24T06:55:07Z,20.2,0.13784,0.00028,-30.86,15.67675,-36.519,0.85
2020-05-24T07:00:09Z,20.2,0.13784,0.00026,-31.32,15.76087,-36.643,0.74
2020-05-24T07:06:12Z,20.23,0.13408,9e-05,-31.84,15.86198,-36.757,0.72
2020-05-24T07:11:13Z,20.24,0.13285,0.00461,-32.25,15.94582,-36.821,0.54
2020-05-24T07:16:16Z,20.24,0.13285,0.00151,-32.64,16.03022,-36.858,0.47
2020-05-24T07:21:18Z,20.24,0.13285,0.0016,-33.01,16.11434,-36.868,0.29
2020-05-24T07:26:27Z,20.25,0.13163,0.00163,-33.37,16.20041,-36.85,0.27
2020-05-24T07:32:31Z,20.26,0.13043,0.00154,-33.76,16.30179,-36.792,0.06
2020-05-24T07:39:35Z,20.26,0.13043,0.00158,-34.18,16.41989,-36.675,-0.05
2020-05-24T07:44:37Z,20.26,0.13043,0.00172,-34.45,16.50401,-36.559,-0.24
2020-05-24T07:49:38Z,20.26,0.13043,0.00164,-34.7,16.58785,-36.417,-0.34
2020-05-24T07:54:40Z,20.26,0.13043,0.00131,-34.92,16.67197,-36.247,-0.44
2020-05-24T08:00:42Z,20.3,0.12571,0.00144,-35.16,16.7728,-36.01,-0.33
2020-05-24T08:06:45Z,20.3,0.12571,0.00205,-35.37,16.87391,-35.734,-0.43
2020-05-24T08:11:48Z,20.31,0.12456,0.00273,-35.52,16.95831,-35.476,-0.7
2020-05-24T08:18:50Z,20.31,0.12456,0.00361,-35.68,17.07585,-35.073,-0.9
2020-05-24T08:24:52Z,20.31,0.12456,0.00075,-35.79,17.17668,-34.69,-0.91
2020-05-24T08:30:55Z,20.31,0.12456,0.00077,-35.85,17.27779,-34.27,-0.92
2020-05-24T08:36:56Z,20.32,0.12341,0.00054,-35.89,17.37834,-33.82,-0.83
2020-05-24T08:41:59Z,20.32,0.12341,0.00048,-35.89,17.46274,-33.416,-1.0
2020-05-24T08:48:02Z,20.32,0.12341,0.00053,-35.86,17.56385,-32.902,-1.13
2020-05-24T08:56:05Z,20.31,0.12456,6e-05,-35.76,17.69839,-32.169,-1.14
2020-05-24T09:04:08Z,20.31,0.12456,0.00011,-35.61,17.83292,-31.383,-1.33
2020-05-24T09:09:10Z,20.3,0.12571,0.00011,-35.48,17.91704,-30.864,-1.4
2020-05-24T09:17:14Z,20.3,0.12571,9e-05,-35.22,18.05185,-29.993,-1.59
2020-05-24T09:22:17Z,20.3,0.12571,0.00011,-35.03,18.13625,-29.422,-1.53
2020-05-24T09:28:18Z,20.29,0.12687,0.00015,-34.77,18.2368,-28.719,-1.48
2020-05-24T09:33:21Z,20.3,0.12571,7e-05,-34.53,18.3212,-28.109,-1.51
2020-05-24T09:39:24Z,20.3,0.12571,0.00011,-34.21,18.42231,-27.355,-1.51
2020-05-24T09:44:25Z,20.3,0.12571,0.0001,-33.92,18.50615,-26.712,-1.58
2020-05-24T09:50:29Z,20.29,0.12687,0.0001,-33.54,18.60753,-25.913,-1.58
2020-05-24T09:55:32Z,20.29,0.12687,0.00017,-33.2,18.69193,-25.231,-1.75
2020-05-24T10:02:35Z,20.29,0.12687,0.00013,-32.69,18.80975,-24.253,-1.84
2020-05-24T10:07:39Z,20.29,0.12687,0.00013,-32.3,18.89443,-23.534,-2.09
2020-05-24T10:14:44Z,20.28,0.12805,0.00013,-31.72,19.01281,-22.504,-2.18
2020-05-24T10:19:47Z,20.28,0.12805,0.00011,-31.28,19.0972,-21.754,-2.69
2020-05-24T10:24:49Z,20.27,0.12923,6e-05,-30.83,19.18132,-20.993,-2.37
2020-05-24T10:29:53Z,20.27,0.12923,8e-05,-30.35,19.266,-20.216,-2.78
2020-05-24T10:34:55Z,20.26,0.13043,8e-05,-29.86,19.35012,-19.431,-2.43
2020-05-24T10:44:02Z,20.25,0.13163,4e-05,-28.93,19.50248,-17.981,-2.87
2020-05-24T10:50:06Z,20.24,0.13285,4e-05,-28.27,19.60387,-16.996,-2.87
2020-05-24T10:55:10Z,20.23,0.13408,3e-05,-27.71,19.68854,-16.162,-2.93
2020-05-24T11:01:14Z,20.21,0.13657,3e-05,-27.01,19.78993,-15.151,-3.12
2020-05-24T11:06:16Z,20.16,0.14301,5e-05,-26.41,19.87405,-14.301,-3.18
2020-05-24T11:11:18Z,20.07,0.15537,0.00062,-25.8,19.95817,-13.442,-3.25
2020-05-24T11:16:20Z,19.89,0.18339,0.00239,-25.18,20.04229,-12.574,-3.31
2020-05-24T11:21:23Z,19.58,0.24399,0.00979,-24.54,20.12668,-11.694,-3.39
2020-05-24T11:27:28Z,18.98,0.424,0.02827,-23.75,20.22835,-10.624,-3.45
2020-05-24T11:32:32Z,18.3,0.79317,0.05068,-23.07,20.31302,-9.723,-3.53
2020-05-24T11:37:34Z,17.49,1.6725,0.052,-22.39,20.39714,-8.821,-3.71
2020-05-24T11:42:36Z,16.45,4.35879,0.03768,-21.7,20.48126,-7.911,-3.89
2020-05-24T11:47:37Z,15.22,13.53211,0.01902,-20.99,20.5651,-6.997,-3.89
2020-05-24T11:52:39Z,13.93,44.39823,0.0102,-20.27,20.64922,-6.074,-3.83
2020-05-24T12:00:44Z,11.97,270.00115,0.00414,-19.09,20.78431,-4.577,-4.04
2020-05-24T12:05:46Z,10.8,793.1688,0.08567,-18.35,20.86843,-3.636,-4.51
2020-05-25T02:34:25Z,10.57,980.31494,0.16344,20.52,11.38557,-3.314,4.28
2020-05-25T02:41:27Z,12.18,222.51824,0.04448,19.13,11.50311,-4.626,3.81
2020-05-25T02:46:29Z,13.38,73.68272,0.0055,18.14,11.58723,-5.558,3.5
2020-05-25T02:51:31Z,14.62,23.51612,0.00698,17.16,11.67135,-6.483,3.42
2020-05-25T02:58:34Z,16.3,5.00456,0.05947,15.78,11.78917,-7.768,2.98
2020-05-25T03:04:38Z,17.45,1.73526,0.07603,14.61,11.89056,-8.862,2.85
2020-05-25T03:09:39Z,18.24,0.83823,0.16375,13.64,11.9744,-9.759,2.67
2020-05-25T03:15:40Z,19.01,0.41244,0.08328,12.48,12.07495,-10.824,2.52
2020-05-25T03:21:42Z,19.54,0.25314,0.02329,11.32,12.17578,-11.881,2.34
2020-05-25T03:26:45Z,19.8,0.19923,0.00512,10.36,12.26018,-12.756,2.26
2020-05-25T03:31:47Z,19.93,0.17675,0.00152,9.4,12.3443,-13.619,2.13
2020-05-25T03:36:49Z,20.01,0.1642,0.0004,8.45,12.42842,-14.474,1.87
2020-05-25T03:46:51Z,20.07,0.15537,0.00017,6.56,12.5961,-16.149,1.61
2020-05-25T03:51:53Z,20.08,0.15395,0.00021,5.62,12.68022,-16.975,1.21
2020-05-25T04:03:59Z,20.12,0.14838,6e-05,3.39,12.88243,-18.916,1.03
2020-05-25T04:10:01Z,20.12,0.14838,5e-05,2.28,12.98327,-19.86,0.89
2020-05-25T04:16:03Z,20.13,0.14702,0.00013,1.18,13.0841,-20.787,0.67
2020-05-25T04:21:05Z,20.13,0.14702,0.0001,0.27,13.16821,-21.547,0.59
2020-05-25T04:28:08Z,20.14,0.14567,0.00013,-0.99,13.28604,-22.59,0.41
2020-05-25T04:33:11Z,20.15,0.14433,0.00013,-1.89,13.37043,-23.321,0.32
2020-05-25T04:38:14Z,20.15,0.14433,0.00013,-2.79,13.45483,-24.038,0.03
2020-05-25T04:43:15Z,20.16,0.14301,0.00016,-3.67,13.53867,-24.736,0.08
2020-05-25T04:48:17Z,20.16,0.14301,0.00017,-4.55,13.62279,-25.422,-0.07
2020-05-25T04:53:18Z,20.17,0.1417,0.00017,-5.41,13.70663,-26.091,-0.23
2020-05-25T04:58:20Z,20.16,0.14301,0.00011,-6.28,13.79075,-26.746,-0.3
2020-05-25T05:03:21Z,20.17,0.1417,0.00014,-7.13,13.87459,-27.383,-0.36
2020-05-25T05:15:26Z,20.18,0.1404,0.00013,-9.16,14.07653,-28.848,-0.34
2020-05-25T05:21:29Z,20.19,0.13911,0.00012,-10.16,14.17764,-29.543,-0.52
2020-05-25T05:31:32Z,20.2,0.13784,0.00025,-11.8,14.3456,-30.638,-0.82
2020-05-25T05:40:35Z,20.2,0.13784,0.00014,-13.24,14.49684,-31.558,-1.06
2020-05-25T05:45:36Z,20.2,0.13784,0.0001,-14.03,14.58068,-32.039,-1.14
2020-05-25T05:55:38Z,20.21,0.13657,0.00036,-15.58,14.74836,-32.937,-1.12
2020-05-25T06:01:59Z,20.22,0.13532,0.00026,-16.53,14.85449,-33.461,-1.52
2020-05-25T06:07:01Z,20.23,0.13408,0.00024,-17.28,14.9386,-33.85,-1.55
2020-05-25T06:24:09Z,20.24,0.13285,0.00023,-19.75,15.22494,-34.999,-1.64
2020-05-25T06:37:12Z,20.25,0.13163,0.00029,-21.54,15.44304,-35.683,-1.84
2020-05-25T06:42:12Z,20.24,0.13285,9e-05,-22.2,15.5266,-35.899,-2.14
2020-05-25T06:48:13Z,20.25,0.13163,8e-05,-22.98,15.62715,-36.125,-1.98
2020-05-25T06:53:15Z,20.25,0.13163,7e-05,-23.62,15.71127,-36.286,-2.06
2020-05-25T07:08:17Z,20.28,0.12805,0.00091,-25.44,15.96251,-36.606,-2.14
2020-05-25T07:13:17Z,20.28,0.12805,0.00098,-26.02,16.04607,-36.66,-2.15
2020-05-25T07:18:19Z,20.28,0.12805,0.00144,-26.59,16.13019,-36.686,-2.18
2020-05-25T07:24:20Z,20.29,0.12687,0.00191,-27.24,16.23074,-36.682,-2.18
2020-05-25T07:49:23Z,20.3,0.12571,0.00208,-29.71,16.64939,-36.25,-2.29
2020-05-25T07:54:24Z,20.3,0.12571,0.00205,-30.15,16.73323,-36.084,-2.19
2020-05-25T07:59:25Z,20.3,0.12571,0.00204,-30.57,16.81707,-35.892,-2.01
2020-05-25T08:04:26Z,20.3,0.12571,8e-05,-30.98,16.90091,-35.673,-2.09
2020-05-25T08:09:28Z,20.3,0.12571,7e-05,-31.36,16.98503,-35.429,-2.07
2020-05-25T08:15:29Z,20.3,0.12571,4e-05,-31.8,17.08558,-35.103,-2.07
2020-05-25T08:20:30Z,20.34,0.12116,2e-05,-32.14,17.16942,-34.805,-2.09
2020-05-25T08:31:32Z,20.35,0.12005,0.0008,-32.81,17.35381,-34.063,-2.02
2020-05-25T08:36:34Z,20.35,0.12005,0.00072,-33.08,17.43793,-33.687,-1.94
2020-05-25T08:41:36Z,20.34,0.12116,0.00066,-33.34,17.52205,-33.288,-1.91
2020-05-25T08:47:37Z,20.34,0.12116,0.00105,-33.61,17.6226,-32.781,-1.9
2020-05-25T08:52:38Z,20.33,0.12228,0.00102,-33.81,17.70644,-32.335,-2.05
2020-05-25T08:57:39Z,20.33,0.12228,0.00074,-33.99,17.79028,-31.867,-2.05
2020-05-25T09:02:40Z,20.33,0.12228,0.00054,-34.15,17.87412,-31.378,-2.02
2020-05-25T09:07:41Z,20.32,0.12341,0.00069,-34.28,17.95796,-30.87,-1.98
2020-05-25T09:12:42Z,20.32,0.12341,0.00013,-34.39,18.0418,-30.341,-2.02
2020-05-25T09:17:42Z,20.32,0.12341,6e-05,-34.48,18.12536,-29.795,-2.17
2020-05-25T09:25:44Z,20.32,0.12341,6e-05,-34.57,18.25962,-28.88,-1.95
2020-05-25T09:33:46Z,20.32,0.12341,6e-05,-34.6,18.39387,-27.918,-1.98
2020-05-25T09:38:47Z,20.31,0.12456,4e-05,-34.59,18.47771,-27.296,-2.01
2020-05-25T09:43:48Z,20.31,0.12456,8e-05,-34.56,18.56155,-26.656,-2.04
2020-05-25T09:48:50Z,20.31,0.12456,9e-05,-34.5,18.64567,-25.999,-1.95
2020-05-25T09:53:51Z,20.31,0.12456,8e-05,-34.42,18.72951,-25.328,-1.99
2020-05-25T09:59:52Z,20.31,0.12456,5e-05,-34.29,18.83006,-24.504,-1.91
2020-05-25T10:04:53Z,20.3,0.12571,6e-05,-34.16,18.9139,-23.801,-1.91
2020-05-25T10:09:54Z,20.3,0.12571,8e-05,-34.0,18.99774,-23.084,-1.88
2020-05-25T10:15:56Z,20.3,0.12571,7e-05,-33.79,19.09857,-22.204,-2.53
2020-05-25T10:21:58Z,20.29,0.12687,8e-05,-33.54,19.19941,-21.305,-2.46
2020-05-25T10:26:59Z,20.28,0.12805,4e-05,-33.31,19.28325,-20.543,-2.98
2020-05-25T10:33:01Z,20.28,0.12805,6e-05,-33.0,19.38408,-19.612,-2.81
2020-05-25T10:40:03Z,20.27,0.12923,7e-05,-32.6,19.50162,-18.505,-2.59
2020-05-25T10:53:05Z,20.25,0.13163,7e-05,-31.75,19.71944,-16.397,-2.96
2020-05-25T10:58:06Z,20.24,0.13285,7e-05,-31.39,19.80328,-15.567,-3.09
2020-05-25T11:03:07Z,20.21,0.13657,6e-05,-31.01,19.88712,-14.728,-3.03
2020-05-25T11:08:08Z,20.14,0.14567,0.00025,-30.61,19.97096,-13.879,-3.04
2020-05-25T11:13:10Z,20.01,0.1642,0.00198,-30.19,20.05507,-13.018,-3.22
2020-05-25T11:25:12Z,19.17,0.35593,0.00652,-29.1,20.25618,-10.925,-3.53
2020-05-25T11:30:13Z,18.56,0.62426,0.08784,-28.62,20.34002,-10.039,-3.62
2020-05-25T11:35:14Z,17.8,1.25709,0.11808,-28.12,20.42386,-9.144,-3.7
2020-05-25T11:40:16Z,16.87,2.9605,0.14206,-27.6,20.50798,-8.24,-3.84
2020-05-25T11:45:17Z,15.73,8.45991,0.05412,-27.07,20.59182,-7.331,-3.71
2020-05-25T11:51:18Z,14.14,36.59027,0.0384,-26.4,20.69237,-6.231,-3.93
2020-05-26T02:38:23Z,10.9,723.37854,0.06984,30.79,11.51757,-3.931,4.54
2020-05-26T02:43:24Z,12.12,235.16118,0.01584,29.78,11.60141,-4.862,4.34
2020-05-26T02:48:25Z,13.38,73.68272,0.01744,28.77,11.68525,-5.787,4.25
2020-05-26T02:55:30Z,15.11,14.97496,0.12897,27.34,11.80363,-7.082,4.02
2020-05-26T03:01:36Z,16.45,4.35879,0.15563,26.12,11.90558,-8.187,3.86
2020-05-26T03:06:37Z,17.35,1.90268,0.17361,25.12,11.98942,-9.087,3.79
2020-05-26T03:11:38Z,18.16,0.90233,0.17573,24.12,12.07326,-9.979,3.65
2020-05-26T03:22:42Z,19.47,0.27,0.04577,21.92,12.25821,-11.92,3.32
2020-05-26T03:33:46Z,20.02,0.16269,0.00319,19.73,12.44316,-13.82,3.02
2020-05-26T03:38:46Z,20.1,0.15114,0.00139,18.75,12.52672,-14.664,2.87
2020-05-26T03:45:48Z,20.15,0.14433,0.0007,17.37,12.64426,-15.835,2.73
2020-05-26T03:55:57Z,20.17,0.1417,0.00046,15.4,12.81389,-17.491,2.45
2020-05-26T04:00:58Z,20.18,0.1404,0.00053,14.42,12.89773,-18.294,2.06
2020-05-26T04:05:59Z,20.15,0.14433,0.0002,13.45,12.98157,-19.085,1.86
2020-05-26T04:11:01Z,20.17,0.1417,0.00013,12.49,13.06569,-19.868,1.74
2020-05-26T04:17:01Z,20.17,0.1417,0.00011,11.34,13.16596,-20.785,1.59
2020-05-26T04:22:03Z,20.18,0.1404,0.00011,10.38,13.25008,-21.542,1.5
2020-05-26T04:27:04Z,20.18,0.1404,0.0001,9.42,13.33392,-22.283,1.41
2020-05-26T04:32:05Z,20.19,0.13911,0.0001,8.48,13.41776,-23.01,1.08
2020-05-26T04:37:07Z,20.2,0.13784,0.00011,7.53,13.50188,-23.727,1.17
2020-05-26T04:42:08Z,20.2,0.13784,0.00011,6.59,13.58572,-24.427,1.08
2020-05-26T04:47:09Z,20.22,0.13532,5e-05,5.65,13.66956,-25.113,0.55
2020-05-26T04:59:10Z,20.23,0.13408,6e-05,3.43,13.87039,-26.694,0.63
2020-05-26T05:05:12Z,20.24,0.13285,6e-05,2.33,13.97122,-27.453,0.53
2020-05-26T05:10:13Z,20.25,0.13163,6e-05,1.41,14.05506,-28.066,0.45
2020-05-26T05:15:15Z,20.25,0.13163,5e-05,0.5,14.13918,-28.664,0.45
2020-05-26T05:20:16Z,20.26,0.13043,6e-05,-0.4,14.22302,-29.242,0.47
2020-05-26T05:25:16Z,20.27,0.12923,6e-05,-1.3,14.30658,-29.799,0.35
2020-05-26T05:30:17Z,20.27,0.12923,8e-05,-2.19,14.39042,-30.34,0.2
2020-05-26T05:35:19Z,20.28,0.12805,7e-05,-3.07,14.47454,-30.863,-0.06
2020-05-26T05:40:20Z,20.29,0.12687,8e-05,-3.95,14.55838,-31.365,0.05
2020-05-26T05:45:21Z,20.29,0.12687,7e-05,-4.83,14.64222,-31.846,-0.1
2020-05-26T05:50:22Z,20.3,0.12571,6e-05,-5.69,14.72606,-32.307,-0.04
2020-05-26T05:55:23Z,20.3,0.12571,6e-05,-6.55,14.8099,-32.745,-0.11
2020-05-26T06:00:25Z,20.3,0.12571,5e-05,-7.41,14.89402,-33.164,-0.5
2020-05-26T06:05:26Z,20.3,0.12571,8e-05,-8.25,14.97786,-33.558,-0.39
2020-05-26T06:14:27Z,20.31,0.12456,7e-05,-9.75,15.12854,-34.21,-0.95
2020-05-26T06:26:30Z,20.31,0.12456,9e-05,-11.72,15.32993,-34.96,-0.72
2020-05-26T06:31:31Z,20.32,0.12341,7e-05,-12.52,15.41377,-35.231,-0.85
2020-05-26T06:36:32Z,20.32,0.12341,0.00017,-13.32,15.49761,-35.477,-0.74
2020-05-26T06:41:33Z,20.32,0.12341,0.0002,-14.1,15.58145,-35.697,-0.93
2020-05-26T06:46:34Z,20.32,0.12341,0.00019,-14.88,15.66529,-35.892,-0.9
2020-05-26T06:53:36Z,20.32,0.12341,0.00026,-15.95,15.78283,-36.121,-0.96
2020-05-26T06:59:37Z,20.33,0.12228,5e-05,-16.86,15.88338,-36.276,-0.86
2020-05-26T07:20:41Z,20.34,0.12116,8e-05,-19.9,16.23546,-36.516,-1.04
2020-05-26T07:36:49Z,20.34,0.12116,7e-05,-22.09,16.50508,-36.38,-0.95
2020-05-26T07:54:51Z,20.35,0.12005,9e-05,-24.38,16.80646,-35.901,-1.14
2020-05-26T07:59:52Z,20.35,0.12005,7e-05,-24.99,16.8903,-35.707,-1.29
2020-05-26T08:09:53Z,20.35,0.12005,6e-05,-26.16,17.0577,-35.245,-1.28
2020-05-26T08:14:56Z,20.35,0.12005,5e-05,-26.72,17.1421,-34.973,-1.39
2020-05-26T08:26:05Z,20.35,0.12005,4e-05,-27.91,17.32844,-34.286,-1.49
2020-05-26T08:32:06Z,20.39,0.11571,4e-05,-28.52,17.42899,-33.866,-1.69
2020-05-26T08:37:08Z,20.39,0.11571,0.00076,-29.01,17.51311,-33.489,-2.13
2020-05-26T08:42:10Z,20.39,0.11571,0.0007,-29.48,17.59723,-33.089,-1.97
2020-05-26T08:59:12Z,20.38,0.11678,0.00066,-30.94,17.8819,-31.572,-2.39
2020-05-26T09:05:14Z,20.38,0.11678,0.00121,-31.41,17.98273,-30.976,-2.41
2020-05-26T09:10:16Z,20.38,0.11678,0.0011,-31.77,18.06685,-30.458,-2.62
2020-05-26T09:15:17Z,20.38,0.11678,0.00077,-32.12,18.15069,-29.921,-2.29
2020-05-26T09:20:18Z,20.38,0.11678,0.00072,-32.44,18.23453,-29.366,-2.5
2020-05-26T09:25:19Z,20.38,0.11678,0.00081,-32.74,18.31837,-28.792,-2.42
2020-05-26T09:31:21Z,20.38,0.11678,2e-05,-33.08,18.4192,-28.078,-2.67
2020-05-26T09:36:23Z,20.37,0.11786,1e-05,-33.34,18.50331,-27.463,-2.73
2020-05-26T09:44:27Z,20.37,0.11786,7e-05,-33.7,18.63813,-26.443,-2.69
2020-05-26T09:49:28Z,20.37,0.11786,3e-05,-33.9,18.72197,-25.788,-2.71
2020-05-26T09:54:29Z,20.36,0.11895,4e-05,-34.07,18.80581,-25.117,-2.84
2020-05-26T09:59:31Z,20.35,0.12005,5e-05,-34.23,18.88993,-24.429,-2.73
2020-05-26T10:04:32Z,20.35,0.12005,7e-05,-34.36,18.97377,-23.729,-2.75
2020-05-26T10:09:33Z,20.34,0.12116,8e-05,-34.46,19.05761,-23.015,-2.87
2020-05-26T10:20:35Z,20.34,0.12116,8e-05,-34.62,19.242,-21.397,-2.79
2020-05-26T10:25:37Z,20.33,0.12228,0.00014,-34.65,19.32612,-20.638,-2.74
2020-05-26T10:31:38Z,20.32,0.12341,0.00014,-34.66,19.42667,-19.716,-2.52
2020-05-26T10:45:41Z,20.29,0.12687,0.00012,-34.54,19.66148,-17.496,-2.96
2020-05-26T10:50:48Z,20.28,0.12805,0.0002,-34.46,19.74699,-16.667,-3.05
2020-05-26T10:55:50Z,20.28,0.12805,0.00011,-34.35,19.83111,-15.84,-3.39
2020-05-26T11:04:51Z,20.2,0.13784,0.00015,-34.09,19.9818,-14.336,-3.6
2020-05-26T11:13:55Z,19.94,0.17513,0.00102,-33.76,20.13332,-12.792,-3.77
2020-05-26T11:18:57Z,19.62,0.23516,0.01561,-33.55,20.21744,-11.923,-3.64
2020-05-26T11:29:01Z,18.48,0.67199,0.03908,-33.05,20.38568,-10.159,-3.68
2020-05-26T11:37:03Z,17.16,2.26655,0.25128,-32.59,20.51993,-8.729,-3.59
2020-05-26T11:43:04Z,15.92,7.10175,0.40845,-32.22,20.62048,-7.645,-3.36
2020-05-26T11:48:06Z,14.68,22.25182,0.12486,-31.88,20.7046,-6.73,-3.37
2020-05-26T11:53:06Z,13.4,72.33785,0.06875,-31.52,20.78816,-5.815,-3.28
2020-05-27T02:50:22Z,13.74,52.88903,0.0016,39.22,11.78355,-6.02,6.44
2020-05-27T02:57:23Z,15.48,10.65039,0.02142,37.78,11.90082,-7.298,6.0
2020-05-27T03:04:25Z,16.94,2.77566,0.04723,36.33,12.01836,-8.565,5.75
2020-05-27T03:10:27Z,17.95,1.09488,0.06969,35.1,12.11919,-9.64,5.54
2020-05-27T03:16:31Z,18.8,0.50046,0.06646,33.86,12.22058,-10.71,5.44
2020-05-27T03:21:33Z,19.34,0.30434,0.03762,32.83,12.3047,-11.588,5.28
2020-05-27T03:27:34Z,19.76,0.20671,0.01036,31.6,12.40525,-12.627,5.07
2020-05-27T03:32:36Z,19.94,0.17513,0.00261,30.58,12.48937,-13.487,4.9
2020-05-27T03:37:37Z,20.04,0.15972,0.00065,29.56,12.57321,-14.335,4.83
2020-05-27T03:45:39Z,20.1,0.15114,0.00018,27.93,12.70747,-15.673,4.43
2020-05-27T03:50:40Z,20.12,0.14838,0.00018,26.92,12.79131,-16.496,4.36
2020-05-27T03:55:42Z,20.12,0.14838,0.00018,25.9,12.87542,-17.311,4.15
2020-05-27T04:01:42Z,20.14,0.14567,0.00011,24.7,12.9757,-18.269,3.93
2020-05-27T04:06:43Z,20.15,0.14433,0.0001,23.69,13.05954,-19.057,3.85
2020-05-27T04:16:45Z,20.15,0.14433,9e-05,21.68,13.22722,-20.6,3.71
2020-05-27T04:21:46Z,20.16,0.14301,0.00011,20.68,13.31106,-21.353,3.58
2020-05-27T04:26:48Z,20.17,0.1417,0.00018,19.68,13.39518,-22.096,3.52
2020-05-27T04:36:49Z,20.17,0.1417,0.00023,17.7,13.56258,-23.535,3.34
2020-05-27T04:41:51Z,20.18,0.1404,0.00015,16.71,13.6467,-24.237,3.07
2020-05-27T04:46:52Z,20.18,0.1404,0.00016,15.72,13.73054,-24.923,3.24
2020-05-27T04:51:53Z,20.19,0.13911,0.00013,14.74,13.81438,-25.593,3.04
2020-05-27T04:56:54Z,20.19,0.13911,0.00019,13.76,13.89822,-26.248,2.97
2020-05-27T05:15:58Z,20.19,0.13911,4e-05,10.07,14.21687,-28.589,2.73
2020-05-27T05:20:58Z,20.2,0.13784,6e-05,9.11,14.30043,-29.161,2.63
2020-05-27T05:26:00Z,20.21,0.13657,4e-05,8.15,14.38455,-29.719,2.29
2020-05-27T05:34:02Z,20.22,0.13532,6e-05,6.62,14.5188,-30.57,2.2
2020-05-27T05:40:03Z,20.23,0.13408,0.0001,5.48,14.61935,-31.174,2.09
2020-05-27T05:45:05Z,20.23,0.13408,8e-05,4.54,14.70347,-31.657,2.12
2020-05-27T05:51:07Z,20.24,0.13285,6e-05,3.41,14.8043,-32.209,2.12
2020-05-27T05:56:07Z,20.24,0.13285,4e-05,2.48,14.88786,-32.642,1.87
2020-05-27T06:01:08Z,20.25,0.13163,0.00025,1.55,14.9717,-33.055,1.55
2020-05-27T06:08:09Z,20.26,0.13043,0.00028,0.26,15.08897,-33.595,1.77
2020-05-27T06:24:12Z,20.28,0.12805,6e-05,-2.65,15.3572,-34.659,1.68
2020-05-27T06:29:12Z,20.28,0.12805,0.00011,-3.54,15.44076,-34.94,1.72
2020-05-27T06:34:13Z,20.28,0.12805,0.00012,-4.43,15.5246,-35.198,1.67
2020-05-27T06:40:15Z,20.28,0.12805,0.00011,-5.5,15.62543,-35.474,1.18
2020-05-27T06:45:15Z,20.28,0.12805,0.00036,-6.37,15.709,-35.674,1.51
2020-05-27T06:58:17Z,20.28,0.12805,0.00043,-8.63,15.92681,-36.076,0.93
2020-05-27T07:14:20Z,20.3,0.12571,0.00064,-11.33,16.19504,-36.326,0.53
2020-05-27T07:19:21Z,20.31,0.12456,0.00204,-12.16,16.27888,-36.348,0.52
2020-05-27T07:24:23Z,20.31,0.12456,0.00204,-12.98,16.363,-36.343,0.52
2020-05-27T07:29:24Z,20.31,0.12456,0.00202,-13.8,16.44684,-36.311,0.49
2020-05-27T07:34:25Z,20.32,0.12341,0.0019,-14.6,16.53068,-36.253,0.54
2020-05-27T07:40:26Z,20.33,0.12228,0.00245,-15.55,16.63124,-36.148,0.69
2020-05-27T07:45:27Z,20.36,0.11895,0.00011,-16.34,16.71508,-36.03,0.81
2020-05-27T08:00:30Z,20.37,0.11786,0.00036,-18.63,16.9666,-35.522,1.03
2020-05-27T08:13:32Z,20.37,0.11786,0.00043,-20.54,17.18441,-34.895,0.87
2020-05-27T08:18:34Z,20.37,0.11786,0.00064,-21.26,17.26853,-34.608,0.84
2020-05-27T08:23:35Z,20.37,0.11786,0.00063,-21.97,17.35237,-34.298,0.58
2020-05-27T08:28:36Z,20.37,0.11786,0.00039,-22.66,17.43621,-33.964,0.56
2020-05-27T08:33:37Z,20.37,0.11786,0.00026,-23.34,17.52005,-33.606,0.27
2020-05-27T08:54:40Z,20.37,0.11786,0.00031,-26.04,17.87185,-31.858,-0.13
2020-05-27T08:59:41Z,20.36,0.11895,0.0004,-26.65,17.95569,-31.385,-0.26
2020-05-27T09:04:43Z,20.36,0.11895,4e-05,-27.25,18.0398,-30.89,-0.1
2020-05-27T09:09:44Z,20.35,0.12005,4e-05,-27.82,18.12364,-30.377,-0.29
2020-05-27T09:18:45Z,20.36,0.11895,6e-05,-28.82,18.27433,-29.406,-0.37
2020-05-27T09:27:47Z,20.35,0.12005,0.00015,-29.77,18.4253,-28.373,-0.36
2020-05-27T09:32:48Z,20.35,0.12005,0.00014,-30.27,18.50914,-27.775,-0.56
2020-05-27T09:37:49Z,20.34,0.12116,0.00014,-30.75,18.59298,-27.159,-0.42
2020-05-27T09:42:50Z,20.34,0.12116,0.00017,-31.22,18.67682,-26.527,-0.5
2020-05-27T09:47:51Z,20.33,0.12228,0.00017,-31.67,18.76066,-25.879,-0.69
2020-05-27T09:52:52Z,20.33,0.12228,0.00012,-32.1,18.8445,-25.215,-0.67
2020-05-27T09:58:54Z,20.32,0.12341,0.00012,-32.58,18.94533,-24.396,-0.68
2020-05-27T10:04:56Z,20.32,0.12341,0.0001,-33.04,19.04616,-23.557,-0.86
2020-05-27T10:09:57Z,20.31,0.12456,5e-05,-33.4,19.13,-22.844,-0.93
2020-05-27T10:14:58Z,20.3,0.12571,5e-05,-33.74,19.21384,-22.117,-0.79
2020-05-27T10:20:00Z,20.29,0.12687,7e-05,-34.06,19.29796,-21.374,-0.78
2020-05-27T10:25:02Z,20.29,0.12687,6e-05,-34.36,19.38208,-20.619,-0.9
2020-05-27T10:30:03Z,20.29,0.12687,8e-05,-34.63,19.46592,-19.854,-0.75
2020-05-27T10:37:04Z,20.28,0.12805,0.00013,-34.98,19.58318,-18.764,-0.85
2020-05-27T10:44:06Z,20.28,0.12805,0.0001,-35.28,19.70073,-17.649,-0.84
2020-05-27T10:49:07Z,20.27,0.12923,0.0001,-35.47,19.78457,-16.841,-0.84
2020-05-27T11:02:09Z,20.21,0.13657,0.0001,-35.85,20.00238,-14.694,-0.99
2020-05-27T11:07:10Z,20.13,0.14702,0.0006,-35.95,20.08622,-13.85,-0.98
2020-05-27T11:15:17Z,19.83,0.19381,0.00179,-36.07,20.22187,-12.466,-1.24
2020-05-27T11:20:18Z,19.46,0.2725,0.02009,-36.11,20.30571,-11.598,-1.07
2020-05-27T11:25:20Z,18.91,0.45224,0.05478,-36.13,20.38983,-10.72,-1.08
2020-05-27T11:35:22Z,17.41,1.80039,0.11432,-36.09,20.55751,-8.945,-1.05
2020-05-27T11:40:23Z,16.44,4.39912,0.20198,-36.03,20.64135,-8.046,-1.17
2020-05-27T11:45:25Z,15.27,12.92307,0.12821,-35.95,20.72547,-7.137,-1.19
2020-05-27T11:50:25Z,13.99,42.01125,0.09921,-35.85,20.80903,-6.226,-1.32
2020-05-27T11:56:27Z,12.49,167.24981,0.00451,-35.69,20.90986,-5.119,-1.31
2020-05-27T12:03:29Z,10.74,838.23467,0.02272,-35.46,21.02741,-3.816,-1.46
2020-05-28T02:37:24Z,10.44,1105.00851,0.07955,52.23,11.63256,-3.505,12.33
2020-05-28T02:42:25Z,11.61,376.15395,0.02595,51.2,11.7164,-4.436,12.1
2020-05-28T02:47:26Z,12.85,120.05096,0.00679,50.16,11.80024,-5.36,11.99
2020-05-28T02:53:28Z,14.34,30.43446,0.01423,48.92,11.90107,-6.463,11.9
2020-05-28T02:58:29Z,15.54,10.0778,0.07158,47.88,11.98491,-7.373,11.68
2020-05-28T03:04:31Z,16.76,3.27616,0.11624,46.64,12.08574,-8.457,11.5
2020-05-28T03:09:32Z,17.62,1.48377,0.48037,45.6,12.16958,-9.351,11.38
2020-05-28T03:14:34Z,18.37,0.74364,0.43454,44.56,12.2537,-10.239,11.15
2020-05-28T03:24:40Z,19.47,0.27,0.05209,42.47,12.4225,-11.998,10.88
2020-05-28T03:29:42Z,19.75,0.20862,0.01507,41.43,12.50662,-12.862,10.69
2020-05-28T03:34:43Z,19.91,0.18004,0.00463,40.39,12.59046,-13.714,10.59
2020-05-28T03:46:44Z,20.03,0.1612,0.00065,37.91,12.79128,-15.717,10.26
2020-05-28T03:54:46Z,20.06,0.15681,0.00038,36.25,12.92554,-17.024,10.05
2020-05-28T03:59:47Z,20.06,0.15681,0.00046,35.21,13.00938,-17.827,9.86
2020-05-28T04:20:52Z,20.07,0.15537,0.00035,30.87,13.36173,-21.077,9.12
2020-05-28T04:38:56Z,20.08,0.15395,0.0003,27.17,13.66366,-23.686,9.06
2020-05-28T04:43:57Z,20.11,0.14975,0.00013,26.15,13.7475,-24.379,8.98
2020-05-28T04:48:58Z,20.11,0.14975,0.00023,25.12,13.83134,-25.057,8.82
2020-05-28T04:53:59Z,20.11,0.14975,0.00031,24.1,13.91518,-25.72,8.87
2020-05-28T04:59:00Z,20.12,0.14838,0.00025,23.08,13.99902,-26.367,8.67
2020-05-28T05:04:00Z,20.12,0.14838,0.00029,22.07,14.08259,-26.997,8.43
2020-05-28T05:09:01Z,20.12,0.14838,0.00038,21.05,14.16643,-27.611,8.4
2020-05-28T05:14:03Z,20.13,0.14702,0.00046,20.04,14.25054,-28.211,8.28
2020-05-28T05:22:04Z,20.13,0.14702,0.00032,18.42,14.38452,-29.13,8.22
2020-05-28T05:27:06Z,20.12,0.14838,0.00026,17.41,14.46864,-29.682,7.94
2020-05-28T05:32:07Z,20.14,0.14567,0.00019,16.41,14.55248,-30.214,8.12
2020-05-28T05:37:09Z,20.15,0.14433,0.0001,15.4,14.6366,-30.729,7.95
2020-05-28T05:42:09Z,20.16,0.14301,6e-05,14.41,14.72016,-31.22,8.09
2020-05-28T05:47:11Z,20.16,0.14301,0.00011,13.41,14.80428,-31.693,7.92
2020-05-28T05:52:12Z,20.16,0.14301,0.0001,12.41,14.88812,-32.144,7.84
2020-05-28T05:57:13Z,20.16,0.14301,8e-05,11.42,14.97196,-32.574,7.62
2020-05-28T06:14:15Z,20.18,0.1404,0.00016,8.09,15.25662,-33.866,7.78
2020-05-28T06:19:17Z,20.18,0.1404,0.00043,7.11,15.34074,-34.197,7.96
2020-05-28T06:27:19Z,20.2,0.13784,0.0003,5.55,15.475,-34.674,7.99
2020-05-28T06:36:20Z,20.21,0.13657,0.00059,3.82,15.62569,-35.135,7.76
2020-05-28T06:41:21Z,20.22,0.13532,0.00077,2.86,15.70953,-35.357,7.66
2020-05-28T06:46:22Z,20.22,0.13532,0.00049,1.91,15.79337,-35.552,7.42
2020-05-28T06:52:23Z,20.23,0.13408,0.0004,0.77,15.89392,-35.753,7.23
2020-05-28T06:57:25Z,20.24,0.13285,0.00061,-0.18,15.97804,-35.892,7.0
2020-05-28T07:02:26Z,20.26,0.13043,0.00169,-1.12,16.06188,-36.004,6.78
2020-05-28T07:07:28Z,20.29,0.12687,0.00191,-2.06,16.146,-36.09,6.82
2020-05-28T07:12:29Z,20.29,0.12687,0.00043,-2.99,16.22984,-36.15,6.85
2020-05-28T07:17:29Z,20.29,0.12687,0.0003,-3.91,16.3134,-36.182,6.72
2020-05-28T07:22:30Z,20.29,0.12687,0.00059,-4.83,16.39724,-36.188,6.56
2020-05-28T07:27:31Z,20.29,0.12687,0.00077,-5.75,16.48108,-36.167,6.62
2020-05-28T07:32:32Z,20.3,0.12571,0.00049,-6.65,16.56492,-36.119,6.62
2020-05-28T07:37:34Z,20.31,0.12456,0.0004,-7.56,16.64904,-36.045,6.52
2020-05-28T07:42:35Z,20.31,0.12456,0.00061,-8.46,16.73288,-35.944,6.57
2020-05-28T07:47:35Z,20.31,0.12456,0.00043,-9.34,16.81644,-35.817,6.56
2020-05-28T07:52:36Z,20.31,0.12456,0.0001,-10.23,16.90028,-35.663,6.53
2020-05-28T07:57:38Z,20.31,0.12456,0.00013,-11.11,16.9844,-35.483,6.5
2020-05-28T08:11:41Z,20.31,0.12456,0.0001,-13.52,17.21921,-34.845,6.53
2020-05-28T08:16:42Z,20.28,0.12805,7e-05,-14.37,17.30305,-34.57,6.49
2020-05-28T08:21:42Z,20.32,0.12341,0.00027,-15.21,17.38661,-34.271,6.48
2020-05-28T08:26:43Z,20.32,0.12341,0.00097,-16.04,17.47045,-33.947,6.46
2020-05-28T08:31:44Z,20.32,0.12341,0.00098,-16.87,17.55429,-33.599,6.44
2020-05-28T08:36:47Z,20.31,0.12456,0.00093,-17.69,17.63868,-33.226,6.37
2020-05-28T08:41:48Z,20.32,0.12341,0.00106,-18.49,17.72252,-32.832,6.28
2020-05-28T08:46:49Z,20.31,0.12456,0.00106,-19.29,17.80636,-32.416,6.26
2020-05-28T08:51:50Z,20.31,0.12456,0.00118,-20.08,17.8902,-31.979,6.19
2020-05-28T08:56:51Z,20.31,0.12456,0.00099,-20.86,17.97404,-31.52,6.04
2020-05-28T09:02:53Z,20.31,0.12456,0.0007,-21.78,18.07488,-30.94,6.03
2020-05-28T09:07:54Z,20.31,0.12456,9e-05,-22.53,18.15872,-30.436,6.04
2020-05-28T09:12:55Z,20.31,0.12456,8e-05,-23.27,18.24256,-29.912,5.92
2020-05-28T09:17:57Z,20.31,0.12456,8e-05,-24.01,18.32667,-29.367,5.72
2020-05-28T09:25:58Z,20.3,0.12571,7e-05,-25.15,18.46065,-28.461,5.38
2020-05-28T09:47:00Z,20.29,0.12687,9e-05,-27.99,18.81217,-25.873,5.07
2020-05-28T09:52:00Z,20.29,0.12687,3e-05,-28.63,18.89573,-25.216,4.95
2020-05-28T09:57:00Z,20.3,0.12571,4e-05,-29.26,18.97929,-24.544,5.03
2020-05-28T10:03:02Z,20.29,0.12687,0.00015,-29.99,19.08012,-23.713,4.65
2020-05-28T10:19:04Z,20.28,0.12805,0.00013,-31.83,19.34807,-21.408,4.61
2020-05-28T10:24:05Z,20.28,0.12805,0.00015,-32.37,19.43191,-20.659,4.5
2020-05-28T10:36:08Z,20.27,0.12923,0.00015,-33.59,19.6333,-18.811,4.38
2020-05-28T10:41:10Z,20.26,0.13043,0.00015,-34.07,19.71742,-18.019,4.31
2020-05-28T10:46:11Z,20.26,0.13043,0.00013,-34.53,19.80126,-17.219,4.26
2020-05-28T10:51:11Z,20.25,0.13163,0.00011,-34.96,19.88482,-16.411,4.32
2020-05-28T11:05:14Z,20.14,0.14567,0.0001,-36.08,20.11963,-14.087,4.08
2020-05-28T11:23:17Z,19.1,0.37963,0.002,-37.26,20.42128,-10.995,4.22
2020-05-28T11:42:20Z,15.9,7.23379,0.14511,-38.18,20.73965,-7.616,3.67
2020-05-28T11:58:22Z,11.83,307.16068,0.86949,-38.68,21.00761,-4.692,3.48
2020-05-29T02:41:11Z,11.06,624.26016,0.06619,60.34,11.7615,-4.09,14.36
2020-05-29T02:46:12Z,12.29,201.07849,0.01448,59.38,11.84534,-5.015,14.19
2020-05-29T02:51:13Z,13.55,63.00364,0.02157,58.41,11.92918,-5.933,14.02
2020-05-29T02:56:14Z,14.78,20.2939,0.06473,57.44,12.01302,-6.845,13.9
2020-05-29T03:01:16Z,15.93,7.03664,0.11753,56.45,12.09714,-7.752,13.79
2020-05-29T03:08:16Z,17.25,2.08625,0.16712,55.06,12.21413,-9.002,13.58
2020-05-29T03:22:19Z,19.08,0.38669,0.02964,52.25,12.44893,-11.466,13.3
2020-05-29T03:27:21Z,19.41,0.28534,0.01267,51.24,12.53305,-12.333,13.13
2020-05-29T03:35:23Z,19.68,0.22252,0.00126,49.61,12.66731,-13.698,12.88
2020-05-29T03:40:25Z,19.75,0.20862,0.00018,48.58,12.75143,-14.541,12.7
2020-05-29T03:45:26Z,19.78,0.20294,0.00021,47.56,12.83527,-15.372,12.55
2020-05-29T03:50:27Z,19.79,0.20108,0.00045,46.53,12.91911,-16.193,12.46
2020-05-29T03:55:28Z,19.8,0.19923,0.00615,45.5,13.00295,-17.004,12.16
2020-05-29T04:01:29Z,19.81,0.19741,0.00735,44.27,13.1035,-17.962,12.03
2020-05-29T04:08:31Z,19.83,0.19381,0.00797,42.82,13.22104,-19.062,11.85
2020-05-29T04:13:32Z,19.83,0.19381,0.00848,41.78,13.30488,-19.833,11.74
2020-05-29T04:18:34Z,19.84,0.19203,0.00808,40.74,13.389,-20.594,11.5
2020-05-29T04:23:35Z,19.83,0.19381,0.00759,39.71,13.47284,-21.341,11.36
2020-05-29T04:28:36Z,19.85,0.19027,0.01425,38.67,13.55668,-22.074,11.21
2020-05-29T04:37:38Z,19.88,0.18508,0.01365,36.8,13.70765,-23.362,11.12
2020-05-29T04:44:39Z,19.75,0.20862,0.01035,35.34,13.82491,-24.331,10.92
2020-05-29T05:02:42Z,19.77,0.20482,0.01098,31.61,14.12657,-26.687,10.51
2020-05-29T05:10:43Z,19.77,0.20482,0.01246,29.95,14.26055,-27.667,10.34
2020-05-29T05:15:44Z,19.78,0.20294,0.01347,28.91,14.34439,-28.258,10.46
2020-05-29T05:20:45Z,19.78,0.20294,0.01331,27.87,14.42823,-28.832,10.52
2020-05-29T05:45:48Z,19.81,0.19741,0.00819,22.7,14.84687,-31.411,9.83
2020-05-29T05:50:49Z,19.97,0.17036,0.00026,21.67,14.93071,-31.867,10.06
2020-05-29T05:56:50Z,19.99,0.16725,0.00017,20.44,15.03126,-32.387,9.7
2020-05-29T06:01:52Z,19.99,0.16725,0.0002,19.41,15.11538,-32.797,9.82
2020-05-29T06:06:53Z,20.0,0.16572,0.00015,18.38,15.19922,-33.183,9.68
2020-05-29T06:11:54Z,20.01,0.1642,0.00017,17.36,15.28306,-33.547,9.53
2020-05-29T06:16:55Z,20.01,0.1642,0.00015,16.33,15.3669,-33.887,9.68
2020-05-29T06:21:57Z,20.01,0.1642,0.00013,15.31,15.45102,-34.205,9.4
2020-05-29T06:28:59Z,20.02,0.16269,0.00013,13.88,15.56856,-34.608,9.26
2020-05-29T06:34:00Z,20.04,0.15972,0.00018,12.87,15.6524,-34.866,9.42
2020-05-29T06:44:03Z,20.05,0.15826,6e-05,10.84,15.82036,-35.308,9.42
2020-05-29T06:49:04Z,20.07,0.15537,9e-05,9.83,15.9042,-35.49,9.24
2020-05-29T07:04:07Z,20.12,0.14838,8e-05,6.82,16.15572,-35.88,9.04
2020-05-29T07:09:08Z,20.13,0.14702,8e-05,5.82,16.23956,-35.957,9.01
2020-05-29T07:14:10Z,20.15,0.14433,0.00231,4.82,16.32368,-36.008,9.0
2020-05-29T07:19:11Z,20.17,0.1417,0.00159,3.83,16.40752,-36.032,9.11
2020-05-29T07:24:12Z,20.19,0.13911,0.00145,2.84,16.49136,-36.03,9.01
2020-05-29T07:29:13Z,20.2,0.13784,0.00263,1.86,16.5752,-36.0,8.99
2020-05-29T07:34:13Z,20.22,0.13532,0.00018,0.88,16.65876,-35.945,8.92
2020-05-29T07:39:15Z,20.23,0.13408,6e-05,-0.1,16.74288,-35.862,8.89
2020-05-29T07:44:17Z,20.25,0.13163,9e-05,-1.08,16.827,-35.753,8.79
2020-05-29T07:49:18Z,20.25,0.13163,8e-05,-2.05,16.91084,-35.618,8.94
2020-05-29T07:54:19Z,20.26,0.13043,8e-05,-3.01,16.99468,-35.457,8.91
2020-05-29T08:00:20Z,20.27,0.12923,8e-05,-4.16,17.09523,-35.23,8.77
2020-05-29T08:05:21Z,20.28,0.12805,8e-05,-5.12,17.17907,-35.012,8.74
2020-05-29T08:13:22Z,20.28,0.12805,0.0001,-6.64,17.31305,-34.612,8.58
2020-05-29T08:18:24Z,20.28,0.12805,9e-05,-7.58,17.39717,-34.329,8.53
2020-05-29T08:23:25Z,20.29,0.12687,9e-05,-8.52,17.48101,-34.023,8.5
2020-05-29T08:28:27Z,20.29,0.12687,0.00012,-9.45,17.56513,-33.691,8.4
2020-05-29T08:41:29Z,20.28,0.12805,0.0001,-11.85,17.78294,-32.724,8.27
2020-05-29T08:47:30Z,20.28,0.12805,8e-05,-12.94,17.8835,-32.226,8.2
2020-05-29T08:52:31Z,20.27,0.12923,8e-05,-13.85,17.96734,-31.787,8.1
2020-05-29T08:57:32Z,20.27,0.12923,9e-05,-14.75,18.05118,-31.327,8.05
2020-05-29T09:03:34Z,20.27,0.12923,9e-05,-15.82,18.15201,-30.746,7.92
2020-05-29T09:08:35Z,20.27,0.12923,0.00013,-16.7,18.23585,-30.241,7.71
2020-05-29T09:13:36Z,20.27,0.12923,0.00015,-17.57,18.31969,-29.717,7.66
2020-05-29T09:19:38Z,20.27,0.12923,5e-05,-18.62,18.42052,-29.061,7.36
2020-05-29T09:30:39Z,20.26,0.13043,3e-05,-20.49,18.60463,-27.794,7.45
2020-05-29T09:43:41Z,20.24,0.13285,8e-05,-22.65,18.82245,-26.189,7.23
2020-05-29T10:03:43Z,20.23,0.13408,0.00012,-25.84,19.15725,-23.513,6.93
2020-05-29T10:08:43Z,20.22,0.13532,0.00012,-26.61,19.24081,-22.809,6.58
2020-05-29T10:15:50Z,20.22,0.13532,0.00011,-27.69,19.35975,-21.784,6.67
2020-05-29T10:20:52Z,20.21,0.13657,0.00013,-28.44,19.44387,-21.042,6.66
2020-05-29T10:26:53Z,20.21,0.13657,0.00011,-29.32,19.54442,-20.14,6.58
2020-05-29T10:31:54Z,20.21,0.13657,9e-05,-30.03,19.62826,-19.374,6.46
2020-05-29T10:44:56Z,20.2,0.13784,7e-05,-31.83,19.84608,-17.33,6.28
2020-05-29T10:49:58Z,20.2,0.13784,7e-05,-32.5,19.93019,-16.52,6.18
2020-05-29T10:54:59Z,20.18,0.1404,6e-05,-33.15,20.01403,-15.703,6.11
2020-05-29T11:00:01Z,20.16,0.14301,0.00019,-33.79,20.09815,-14.874,6.13
2020-05-29T11:23:05Z,19.01,0.41244,0.00031,-36.49,20.48365,-10.952,5.97
2020-05-29T11:28:07Z,18.36,0.75053,0.07094,-37.03,20.56777,-10.072,6.01
2020-05-29T11:35:09Z,17.23,2.12503,0.10661,-37.75,20.68531,-8.828,5.7
2020-05-29T11:42:10Z,15.82,7.78692,0.26746,-38.42,20.80258,-7.573,5.75
2020-05-29T11:49:12Z,14.14,36.59027,0.46744,-39.06,20.92012,-6.301,5.69
2020-05-29T11:55:13Z,12.68,140.39952,0.16343,-39.57,21.02067,-5.202,5.42
2020-05-29T12:00:13Z,11.45,435.87867,0.05933,-39.97,21.10423,-4.282,5.83
2020-05-29T12:05:14Z,10.19,1391.12329,0.06094,-40.35,21.18807,-3.351,5.64
2020-05-30T02:40:26Z,10.81,785.89698,0.07026,65.82,11.81468,-3.835,16.04
2020-05-30T02:45:27Z,12.11,237.33709,0.12016,65.14,11.89852,-4.76,15.73
2020-05-30T02:52:29Z,13.83,48.68169,0.10308,64.13,12.01606,-6.046,15.66
2020-05-30T02:57:30Z,15.0,16.57165,0.1673,63.37,12.0999,-6.955,15.96
2020-05-30T03:02:31Z,15.79,8.00508,0.45498,62.6,12.18374,-7.857,17.27
2020-05-30T03:08:33Z,16.63,3.69288,0.3056,61.63,12.28457,-8.932,17.5
2020-05-30T03:13:34Z,16.9,2.87982,0.61158,60.8,12.36841,-9.817,18.46
2020-05-30T03:18:36Z,17.09,2.4175,0.7281,59.95,12.45253,-10.698,18.88
2020-05-30T03:25:39Z,17.41,1.80039,1.31133,58.73,12.57035,-11.917,18.61
2020-05-30T03:30:40Z,17.53,1.612,1.62471,57.85,12.65419,-12.774,18.5
2020-05-30T03:37:42Z,17.14,2.30869,1.34271,56.58,12.77173,-13.961,18.37
2020-05-30T03:43:51Z,17.33,1.93805,1.46711,55.46,12.87452,-14.983,17.16
2020-05-30T03:48:52Z,17.85,1.20051,1.43618,54.52,12.95836,-15.806,15.97
2020-05-30T03:53:53Z,17.76,1.30426,1.81543,53.58,13.0422,-16.619,15.25
2020-05-30T04:03:55Z,19.17,0.35593,1.23489,51.67,13.20988,-18.214,13.03
2020-05-30T04:10:56Z,18.82,0.49132,1.05194,50.32,13.32714,-19.302,14.33
2020-05-30T04:17:58Z,18.46,0.68449,0.85493,48.94,13.44468,-20.37,14.87
2020-05-30T04:22:59Z,18.0,1.0456,0.89399,47.96,13.52852,-21.117,15.54
2020-05-30T04:33:02Z,18.91,0.45224,0.48213,45.96,13.69648,-22.575,14.12
2020-05-30T04:40:04Z,18.91,0.45224,0.78958,44.56,13.81402,-23.562,13.66
2020-05-30T05:00:08Z,17.89,1.15709,0.927,40.5,14.14939,-26.223,15.85
2020-05-30T05:11:10Z,18.54,0.63587,0.26657,38.25,14.33378,-27.577,15.55
2020-05-30T05:18:12Z,17.89,1.15709,0.81213,36.81,14.45132,-28.397,17.23
2020-05-30T05:23:13Z,17.76,1.30426,0.57364,35.78,14.53516,-28.961,18.19
2020-05-30T05:28:14Z,17.64,1.45668,0.34517,34.75,14.619,-29.506,18.96
2020-05-30T05:33:15Z,17.66,1.4301,0.29299,33.72,14.70284,-30.032,18.64
2020-05-30T05:38:17Z,17.88,1.16779,0.29525,32.68,14.78696,-30.541,17.34
2020-05-30T05:43:18Z,18.57,0.61854,0.13705,31.64,14.8708,-31.027,15.41
2020-05-30T05:49:19Z,19.09,0.38315,0.10737,30.4,14.97135,-31.584,14.43
2020-05-30T05:54:20Z,19.15,0.36255,0.11447,29.36,15.05519,-32.025,14.1
2020-05-30T06:08:23Z,19.21,0.34306,0.11742,26.45,15.29,-33.143,12.54
2020-05-30T06:16:25Z,19.73,0.2125,0.13327,24.78,15.42425,-33.703,11.5
2020-05-30T06:22:27Z,19.73,0.2125,0.13103,23.53,15.52509,-34.084,11.51
2020-05-30T06:29:29Z,19.83,0.19381,0.25982,22.08,15.64263,-34.483,11.35
2020-05-30T06:34:30Z,19.82,0.1956,0.30205,21.04,15.72647,-34.739,11.51
2020-05-30T06:39:32Z,19.72,0.21447,0.20683,19.99,15.81059,-34.97,12.17
2020-05-30T06:44:33Z,19.76,0.20671,0.07893,18.96,15.89443,-35.175,12.09
2020-05-30T06:49:34Z,19.52,0.25785,0.16307,17.92,15.97827,-35.355,13.13
2020-05-30T06:55:36Z,18.77,0.51448,0.1305,16.67,16.0791,-35.537,15.31
2020-05-30T07:00:37Z,18.73,0.53378,2.33616,15.64,16.16294,-35.66,16.23
2020-05-30T07:05:39Z,18.37,0.74364,2.05725,14.6,16.24706,-35.756,17.04
2020-05-30T07:15:42Z,18.09,0.96242,2.0356,12.53,16.41502,-35.869,17.45
2020-05-30T07:21:44Z,18.17,0.89406,2.34484,11.29,16.51585,-35.886,17.67
2020-05-30T07:33:46Z,18.15,0.91068,0.30205,8.82,16.71695,-35.805,18.19
2020-05-30T07:38:47Z,18.25,0.83055,0.20683,7.8,16.80079,-35.726,18.17
2020-05-30T07:43:49Z,18.04,1.00778,0.07893,6.77,16.88491,-35.621,18.16
2020-05-30T07:48:50Z,17.91,1.13597,0.16307,5.75,16.96875,-35.489,18.03
2020-05-30T07:53:52Z,18.38,0.73683,0.1305,4.73,17.05287,-35.331,17.44
2020-05-30T08:00:53Z,18.32,0.77869,0.16844,3.3,17.17013,-35.067,17.52
2020-05-30T08:10:56Z,17.63,1.47016,0.13587,1.28,17.33809,-34.603,17.78
2020-05-30T08:19:58Z,18.02,1.02652,0.29398,-0.54,17.48906,-34.102,15.79
2020-05-30T08:26:00Z,18.6,0.60168,0.34983,-1.74,17.58989,-33.723,14.77
2020-05-30T08:31:01Z,19.17,0.35593,0.57095,-2.74,17.67373,-33.382,13.39
2020-05-30T08:36:03Z,19.72,0.21447,0.72768,-3.74,17.75785,-33.016,12.44
2020-05-30T08:41:04Z,19.63,0.23301,0.77969,-4.74,17.84169,-32.629,12.01
2020-05-30T08:46:05Z,19.72,0.21447,0.7778,-5.73,17.92553,-32.22,11.11
2020-05-30T08:51:06Z,19.98,0.1688,0.86971,-6.71,18.00937,-31.789,10.9
2020-05-30T08:56:08Z,20.1,0.15114,0.99558,-7.7,18.09349,-31.335,10.22
2020-05-30T09:01:09Z,19.87,0.1868,0.25317,-8.68,18.17733,-30.862,10.6
2020-05-30T09:07:11Z,19.66,0.22666,0.12988,-9.85,18.27816,-30.265,11.44
2020-05-30T09:14:13Z,19.32,0.31,0.12944,-11.21,18.3957,-29.535,11.73
2020-05-30T09:20:15Z,19.24,0.33371,0.10505,-12.36,18.49653,-28.878,11.78
2020-05-30T09:28:17Z,19.79,0.20108,0.12124,-13.89,18.63079,-27.963,10.41
2020-05-30T09:40:19Z,19.16,0.35922,0.51525,-16.16,18.83189,-26.508,11.64
2020-05-30T09:45:20Z,19.43,0.28013,0.45248,-17.1,18.91573,-25.873,12.36
2020-05-30T09:50:21Z,19.43,0.28013,0.34333,-18.03,18.99957,-25.222,11.78
2020-05-30T09:56:23Z,19.5,0.26264,0.314,-19.14,19.1004,-24.419,10.83
2020-05-30T10:03:24Z,19.65,0.22875,0.3029,-20.42,19.21767,-23.459,10.48
2020-05-30T10:10:26Z,19.95,0.17353,0.28662,-21.69,19.33521,-22.468,9.48
2020-05-30T10:25:29Z,19.94,0.17513,0.28984,-24.35,19.58673,-20.26,9.56
2020-05-30T10:33:31Z,19.6,0.23953,0.31207,-25.75,19.72099,-19.036,9.9
2020-05-30T10:41:32Z,19.81,0.19741,0.41899,-27.12,19.85496,-17.784,9.48
2020-05-30T10:58:37Z,20.1,0.15114,0.10755,-29.95,20.14047,-15.025,8.04
2020-05-30T11:13:39Z,19.79,0.20108,0.18435,-32.35,20.39171,-12.502,7.73
2020-05-30T11:19:41Z,19.35,0.30155,0.19693,-33.28,20.49254,-11.467,7.58
2020-05-30T11:28:44Z,18.01,1.03601,0.28649,-34.64,20.64378,-9.892,7.71
2020-05-30T11:33:45Z,17.46,1.71936,1.09186,-35.38,20.72762,-9.007,6.97
2020-05-30T11:38:46Z,16.52,4.08663,1.38065,-36.1,20.81146,-8.115,7.18
2020-05-30T11:43:47Z,15.33,12.22829,0.81885,-36.81,20.8953,-7.215,7.14
2020-05-30T11:50:49Z,13.53,64.17496,0.24958,-37.77,21.01285,-5.941,7.32
2020-05-30T11:55:50Z,12.28,202.93905,0.16453,-38.44,21.09669,-5.025,7.67
2020-05-30T12:00:51Z,10.96,684.48766,0.06143,-39.09,21.18053,-4.101,7.97
2020-05-31T02:39:44Z,11.76,327.61639,0.09789,64.83,11.86869,-3.593,21.54
2020-05-31T02:47:46Z,13.38,73.68272,0.19516,64.56,12.00294,-5.071,20.63
2020-05-31T02:56:48Z,15.2,13.78369,0.22605,64.11,12.15391,-6.713,19.97
2020-05-31T03:01:49Z,16.05,6.30036,0.10891,63.79,12.23775,-7.615,19.13
2020-05-31T03:06:50Z,16.62,3.72705,0.03169,63.42,12.32159,-8.51,18.64
2020-05-31T03:11:53Z,16.91,2.85342,0.02938,63.01,12.40599,-9.403,18.63
2020-05-31T03:16:54Z,17.05,2.50822,0.02271,62.56,12.48983,-10.282,18.46
2020-05-31T03:23:56Z,17.14,2.30869,0.01196,61.86,12.60737,-11.501,18.1
2020-05-31T03:28:58Z,17.2,2.18457,0.00448,61.32,12.69149,-12.363,17.91
2020-05-31T03:36:00Z,17.21,2.16454,0.00851,60.5,12.80903,-13.553,18.1
2020-05-31T03:48:02Z,17.09,2.4175,0.00754,58.96,13.01014,-15.545,18.71
2020-05-31T03:58:04Z,17.02,2.57849,0.01126,57.55,13.17782,-17.163,18.95
2020-05-31T04:03:05Z,17.01,2.60235,0.01012,56.81,13.26166,-17.955,18.82
2020-05-31T04:10:07Z,17.04,2.53143,0.01626,55.73,13.3792,-19.048,19.22
2020-05-31T04:15:09Z,17.02,2.57849,0.01603,54.94,13.46332,-19.815,18.99
2020-05-31T04:20:10Z,17.02,2.57849,0.01664,54.13,13.54716,-20.568,19.31
2020-05-31T04:26:12Z,17.0,2.62643,0.01455,53.13,13.64799,-21.457,19.38
2020-05-31T04:34:14Z,16.92,2.82726,0.01349,51.77,13.78225,-22.612,19.77
2020-05-31T04:44:17Z,17.01,2.60235,0.00793,50.02,13.9502,-24.006,19.76
2020-05-31T04:49:18Z,17.08,2.43986,0.00436,49.12,14.03404,-24.681,19.18
2020-05-31T04:54:19Z,17.07,2.46244,0.02699,48.22,14.11788,-25.34,19.21
2020-05-31T05:02:20Z,16.99,2.65073,0.02519,46.75,14.25186,-26.361,19.36
2020-05-31T05:08:22Z,17.07,2.46244,0.4437,45.62,14.35269,-27.102,19.23
2020-05-31T05:13:23Z,17.03,2.55485,0.48468,44.68,14.43653,-27.7,18.68
2020-05-31T05:18:27Z,17.07,2.46244,0.53037,43.72,14.52121,-28.285,18.41
2020-05-31T05:25:29Z,17.11,2.37337,0.52597,42.37,14.63875,-29.068,18.56
2020-05-31T05:34:31Z,17.16,2.26655,0.53755,40.62,14.78972,-30.02,18.62
2020-05-31T05:39:33Z,17.19,2.20478,0.955,39.64,14.87384,-30.522,18.32
2020-05-31T06:03:35Z,18.06,0.98939,0.9065,34.88,15.27549,-32.636,14.25
2020-05-31T06:10:37Z,18.26,0.82294,0.86763,33.47,15.39303,-33.159,13.71
2020-05-31T06:23:40Z,17.74,1.32851,0.59943,30.83,15.61113,-34.01,14.58
2020-05-31T06:35:42Z,18.69,0.55382,0.33998,28.38,15.81223,-34.65,12.5
2020-05-31T06:43:44Z,19.08,0.38669,0.1426,26.74,15.94649,-34.998,11.02
2020-05-31T06:48:45Z,19.12,0.37271,0.16145,25.71,16.03033,-35.182,11.07
2020-05-31T06:53:46Z,19.09,0.38315,0.17019,24.68,16.11417,-35.341,12.02
2020-05-31T07:12:57Z,18.45,0.69082,0.04667,20.73,16.43477,-35.706,14.34
2020-05-31T07:17:58Z,18.71,0.54371,0.02171,19.69,16.51861,-35.738,13.47
2020-05-31T07:22:59Z,18.83,0.48682,0.01866,18.65,16.60245,-35.743,12.02
2020-05-31T07:29:01Z,18.85,0.47793,0.00546,17.41,16.70328,-35.715,11.13
2020-05-31T07:34:02Z,18.82,0.49132,1.67508,16.37,16.78712,-35.662,10.92
2020-05-31T07:39:03Z,18.76,0.51924,0.33998,15.33,16.87096,-35.583,11.0
2020-05-31T07:45:05Z,18.68,0.55894,0.1426,14.08,16.97179,-35.453,10.89
2020-05-31T07:50:07Z,18.72,0.53872,0.16145,13.04,17.05591,-35.315,10.97
2020-05-31T07:55:08Z,18.73,0.53378,0.17019,12.0,17.13975,-35.152,10.98
2020-05-31T08:01:09Z,18.74,0.52889,0.04667,10.75,17.2403,-34.923,10.7
2020-05-31T08:14:12Z,19.07,0.39027,0.02171,8.05,17.45839,-34.301,10.15
2020-05-31T08:19:13Z,19.21,0.34306,0.01866,7.02,17.54223,-34.018,9.87
2020-05-31T08:24:14Z,19.39,0.29065,0.00546,5.98,17.62607,-33.711,9.62
2020-05-31T08:38:16Z,19.72,0.21447,0.00319,3.09,17.8606,-32.726,9.31
2020-05-31T08:43:17Z,19.82,0.1956,0.02378,2.06,17.94444,-32.33,9.12
2020-05-31T08:51:20Z,19.74,0.21056,0.02176,0.4,18.07898,-31.65,9.96
2020-05-31T08:56:21Z,19.58,0.24399,0.06943,-0.62,18.16282,-31.199,10.72
2020-05-31T09:01:22Z,19.57,0.24624,0.09785,-1.65,18.24666,-30.726,11.25
2020-05-31T09:06:23Z,19.26,0.32762,0.0582,-2.67,18.3305,-30.233,11.9
2020-05-31T09:12:25Z,19.23,0.33679,0.02225,-3.9,18.43133,-29.615,12.1
2020-05-31T09:17:26Z,18.9,0.45642,0.03369,-4.92,18.51517,-29.079,12.36
2020-05-31T09:23:28Z,18.6,0.60168,0.03359,-6.15,18.616,-28.41,12.83
2020-05-31T09:28:29Z,18.41,0.71675,0.02998,-7.16,18.69984,-27.834,13.43
2020-05-31T09:34:30Z,18.44,0.69721,0.02792,-8.38,18.80039,-27.12,13.69
2020-05-31T09:39:31Z,18.47,0.67821,0.079,-9.39,18.88423,-26.506,13.77
2020-05-31T09:44:32Z,18.38,0.73683,0.10796,-10.39,18.96807,-25.876,13.52
2020-05-31T09:49:34Z,18.54,0.63587,0.06755,-11.4,19.05219,-25.227,13.04
2020-05-31T09:55:35Z,19.16,0.35922,0.06813,-12.6,19.15274,-24.432,11.45
2020-05-31T10:10:38Z,18.28,0.80791,0.06617,-15.58,19.40426,-22.349,12.79
2020-05-31T10:15:39Z,17.91,1.13597,0.61103,-16.56,19.4881,-21.627,14.4
2020-05-31T10:20:40Z,18.01,1.03601,0.55093,-17.55,19.57194,-20.893,15.44
2020-05-31T10:26:43Z,18.33,0.77155,0.44283,-18.72,19.67305,-19.989,14.84
2020-05-31T10:31:44Z,17.84,1.21162,0.69259,-19.7,19.75689,-19.227,14.16
2020-05-31T10:41:45Z,19.1,0.37963,0.69215,-21.62,19.92429,-17.67,11.62
2020-05-31T10:46:46Z,19.55,0.25082,1.29279,-22.58,20.00813,-16.873,10.48
2020-05-31T10:51:47Z,19.36,0.29879,0.94027,-23.53,20.09197,-16.066,10.29
2020-05-31T10:56:48Z,19.63,0.23301,0.57795,-24.48,20.17581,-15.249,10.67
2020-05-31T11:10:50Z,18.98,0.424,0.70029,-27.09,20.41034,-12.91,10.73
2020-05-31T11:19:52Z,19.1,0.37963,1.02436,-28.75,20.56131,-11.367,9.53
2020-05-31T11:25:54Z,18.58,0.61287,0.85527,-29.84,20.66214,-10.321,9.17
2020-05-31T11:32:56Z,17.69,1.39112,0.69879,-31.1,20.77968,-9.086,7.5
2020-05-31T11:40:57Z,16.15,5.746,0.41507,-32.51,20.91366,-7.661,6.77
2020-05-31T11:51:00Z,13.61,59.61638,0.46136,-34.25,21.08162,-5.847,6.81
2020-05-31T12:04:01Z,10.56,989.38568,0.71994,-36.45,21.29916,-3.458,6.63
